"year","state","state_po","state_fips","state_ic","office","candidate","party_detailed","party_simplified","writein","mode","votes","totalvotes","stage","special","unofficial","version"
2024,"ALASKA","AK","02","81","US PRESIDENT","HARRIS, KAMALA D.","DEMOCRAT","DEMOCRAT",FALSE,"TOTAL",140026,338177,"GEN",FALSE,FALSE,2025-11-20
2024,"ALASKA","AK","02","81","US PRESIDENT","KENNEDY, ROBERT F. JR","NON-AFFILIATED","OTHER",FALSE,"TOTAL",5670,338177,"GEN",FALSE,FALSE,2025-11-20
2024,"ALASKA","AK","02","81","US PRESIDENT","OLIVER, CHASE","LIBERTARIAN","LIBERTARIAN",FALSE,"TOTAL",3040,338177,"GEN",FALSE,FALSE,2025-11-20
2024,"ALASKA","AK","02","81","US PRESIDENT","SONSKI, PETER","AMERICAN SOLIDARITY","OTHER",FALSE,"TOTAL",702,338177,"GEN",FALSE,FALSE,2025-11-20
2024,"ALASKA","AK","02","81","US PRESIDENT","STEIN, JILL","NON-AFFILIATED","OTHER",FALSE,"TOTAL",2342,338177,"GEN",FALSE,FALSE,2025-11-20
2024,"ALASKA","AK","02","81","US PRESIDENT","TERRY, RANDALL A.","CONSTITUTION","OTHER",FALSE,"TOTAL",812,338177,"GEN",FALSE,FALSE,2025-11-20
2024,"ALASKA","AK","02","81","US PRESIDENT","TRUMP, DONALD J.","REPUBLICAN","REPUBLICAN",FALSE,"TOTAL",184458,338177,"GEN",FALSE,FALSE,2025-11-20
2024,"ALASKA","AK","02","81","US PRESIDENT","WEST, CORNEL","AURORA","OTHER",FALSE,"TOTAL",1127,338177,"GEN",FALSE,FALSE,2025-11-20
2024,"ALABAMA","AL","01","41","US PRESIDENT","HARRIS, KAMALA D.","DEMOCRAT","DEMOCRAT",FALSE,"TOTAL",772412,2265090,"GEN",FALSE,FALSE,2025-11-20
2024,"ALABAMA","AL","01","41","US PRESIDENT","TRUMP, DONALD J.","REPUBLICAN","REPUBLICAN",FALSE,"TOTAL",1462616,2265090,"GEN",FALSE,FALSE,2025-11-20
2024,"ALABAMA","AL","01","41","US PRESIDENT","KENNEDY, ROBERT F. JR","INDEPENDENT","OTHER",FALSE,"TOTAL",12075,2265090,"GEN",FALSE,FALSE,2025-11-20
2024,"ALABAMA","AL","01","41","US PRESIDENT","STEIN, JILL","INDEPENDENT","OTHER",FALSE,"TOTAL",4319,2265090,"GEN",FALSE,FALSE,2025-11-20
2024,"ALABAMA","AL","01","41","US PRESIDENT","OLIVER, CHASE","INDEPENDENT","LIBERTARIAN",FALSE,"TOTAL",4930,2265090,"GEN",FALSE,FALSE,2025-11-20
2024,"ALABAMA","AL","01","41","US PRESIDENT","WRITE-IN","","",TRUE,"TOTAL",8738,2265090,"GEN",FALSE,FALSE,2025-11-20
2024,"ARKANSAS","AR","05","42","US PRESIDENT","TRUMP, DONALD J.","REPUBLICAN","REPUBLICAN",FALSE,"TOTAL",759241,1182676,"GEN",FALSE,FALSE,2025-11-20
2024,"ARKANSAS","AR","05","42","US PRESIDENT","HARRIS, KAMALA D.","DEMOCRAT","DEMOCRAT",FALSE,"TOTAL",396905,1182676,"GEN",FALSE,FALSE,2025-11-20
2024,"ARKANSAS","AR","05","42","US PRESIDENT","KENNEDY, ROBERT F. JR","","OTHER",FALSE,"TOTAL",13255,1182676,"GEN",FALSE,FALSE,2025-11-20
2024,"ARKANSAS","AR","05","42","US PRESIDENT","OLIVER, CHASE","","LIBERTARIAN",FALSE,"TOTAL",5715,1182676,"GEN",FALSE,FALSE,2025-11-20
2024,"ARKANSAS","AR","05","42","US PRESIDENT","STEIN, JILL","NEVADA GREEN PARTY","OTHER",FALSE,"TOTAL",4275,1182676,"GEN",FALSE,FALSE,2025-11-20
2024,"ARKANSAS","AR","05","42","US PRESIDENT","SONSKI, PETER","","OTHER",FALSE,"TOTAL",2141,1182676,"GEN",FALSE,FALSE,2025-11-20
2024,"ARKANSAS","AR","05","42","US PRESIDENT","WOOD, MICHAEL","","OTHER",FALSE,"TOTAL",1144,1182676,"GEN",FALSE,FALSE,2025-11-20
2024,"ARIZONA","AZ","04","61","US PRESIDENT","TRUMP, DONALD J.","REPUBLICAN","REPUBLICAN",FALSE,NA,1770242,3389319,"GEN",FALSE,TRUE,2025-11-20
2024,"ARIZONA","AZ","04","61","US PRESIDENT","HARRIS, KAMALA D.","DEMOCRAT","DEMOCRAT",FALSE,NA,1582860,3389319,"GEN",FALSE,TRUE,2025-11-20
2024,"ARIZONA","AZ","04","61","US PRESIDENT","STEIN, JILL","GREEN","OTHER",FALSE,NA,18319,3389319,"GEN",FALSE,TRUE,2025-11-20
2024,"ARIZONA","AZ","04","61","US PRESIDENT","OLIVER, CHASE","LIBERTARIAN","LIBERTARIAN",FALSE,NA,17898,3389319,"GEN",FALSE,TRUE,2025-11-20
2024,"CALIFORNIA","CA","06","71","US PRESIDENT","HARRIS, KAMALA D.","DEMOCRAT","DEMOCRAT",FALSE,"TOTAL",9276179,15865475,"GEN",FALSE,FALSE,2025-11-20
2024,"CALIFORNIA","CA","06","71","US PRESIDENT","TRUMP, DONALD J.","REPUBLICAN","REPUBLICAN",FALSE,"TOTAL",6081697,15865475,"GEN",FALSE,FALSE,2025-11-20
2024,"CALIFORNIA","CA","06","71","US PRESIDENT","KENNEDY, ROBERT F. JR","AMERICAN INDEPENDENT","OTHER",FALSE,"TOTAL",197645,15865475,"GEN",FALSE,FALSE,2025-11-20
2024,"CALIFORNIA","CA","06","71","US PRESIDENT","STEIN, JILL","GREEN","OTHER",FALSE,"TOTAL",167814,15865475,"GEN",FALSE,FALSE,2025-11-20
2024,"CALIFORNIA","CA","06","71","US PRESIDENT","OLIVER, CHASE","LIBERTARIAN","LIBERTARIAN",FALSE,"TOTAL",66662,15865475,"GEN",FALSE,FALSE,2025-11-20
2024,"CALIFORNIA","CA","06","71","US PRESIDENT","DE LA CRUZ, CLAUDIA","PEACE AND FREEDOM","OTHER",FALSE,"TOTAL",72539,15865475,"GEN",FALSE,FALSE,2025-11-20
2024,"CALIFORNIA","CA","06","71","US PRESIDENT","PETER
SONSKI","(W/I)","OTHER",TRUE,"TOTAL",2939,15865475,"GEN",FALSE,FALSE,2025-11-20
2024,"COLORADO","CO","08","62","US PRESIDENT","HARRIS, KAMALA D.","DEMOCRATIC","DEMOCRAT",FALSE,"TOTAL",1728159,3192745,"GEN",FALSE,FALSE,2025-11-20
2024,"COLORADO","CO","08","62","US PRESIDENT","TRUMP, DONALD J.","REPUBLICAN","REPUBLICAN",FALSE,"TOTAL",1377441,3192745,"GEN",FALSE,FALSE,2025-11-20
2024,"COLORADO","CO","08","62","US PRESIDENT","KENNEDY, ROBERT F. JR","UNAFFILIATED","OTHER",FALSE,"TOTAL",35623,3192745,"GEN",FALSE,FALSE,2025-11-20
2024,"COLORADO","CO","08","62","US PRESIDENT","OLIVER, CHASE","LIBERTARIAN","LIBERTARIAN",FALSE,"TOTAL",21439,3192745,"GEN",FALSE,FALSE,2025-11-20
2024,"COLORADO","CO","08","62","US PRESIDENT","STEIN, JILL","GREEN","OTHER",FALSE,"TOTAL",17344,3192745,"GEN",FALSE,FALSE,2025-11-20
2024,"COLORADO","CO","08","62","US PRESIDENT","WEST, CORNEL","UNITY PARTY OF COLORADO","OTHER",FALSE,"TOTAL",5149,3192745,"GEN",FALSE,FALSE,2025-11-20
2024,"COLORADO","CO","08","62","US PRESIDENT","TERRY, RANDALL","AMERICAN CONSTITUTION","OTHER",FALSE,"TOTAL",3522,3192745,"GEN",FALSE,FALSE,2025-11-20
2024,"COLORADO","CO","08","62","US PRESIDENT","HUBER, BLAKE","APPROVAL VOTING","OTHER",FALSE,"TOTAL",2196,3192745,"GEN",FALSE,FALSE,2025-11-20
2024,"COLORADO","CO","08","62","US PRESIDENT","PETER SONSKI AND LAUREN ONAK","AMERICAN SOLIDARITY","OTHER",TRUE,"TOTAL",910,3192745,"GEN",FALSE,FALSE,2025-11-20
2024,"COLORADO","CO","08","62","US PRESIDENT","CLAUDIA DE LA CRUZ AND KARINA GARCIA","SOCIALIST LABOR","OTHER",TRUE,"TOTAL",905,3192745,"GEN",FALSE,FALSE,2025-11-20
2024,"COLORADO","CO","08","62","US PRESIDENT","CHRIS GARRITY AND CODY BALLARD","NO PARTY AFFILIATION","OTHER",TRUE,"TOTAL",30,3192745,"GEN",FALSE,FALSE,2025-11-20
2024,"COLORADO","CO","08","62","US PRESIDENT","SHIVA AYYADURAI AND CRYSTAL ELLIS","INDEPENDENT","OTHER",TRUE,"TOTAL",15,3192745,"GEN",FALSE,FALSE,2025-11-20
2024,"COLORADO","CO","08","62","US PRESIDENT","BILL FRANKEL AND STEVE JENKINS","UNAFFILIATED/REPUBLICAN","OTHER",TRUE,"TOTAL",10,3192745,"GEN",FALSE,FALSE,2025-11-20
2024,"COLORADO","CO","08","62","US PRESIDENT","BRIAN ANTHONY PERRY AND MARK SBANI","DEMOCRATIC","OTHER",TRUE,"TOTAL",2,3192745,"GEN",FALSE,FALSE,2025-11-20
2024,"CONNECTICUT","CT","09","01","US PRESIDENT","HARRIS, KAMALA D.","DEMOCRATIC","DEMOCRAT",FALSE,"TOTAL",992053,1759010,"GEN",FALSE,FALSE,2025-11-20
2024,"CONNECTICUT","CT","09","01","US PRESIDENT","TRUMP, DONALD J.","REPUBLICAN","REPUBLICAN",FALSE,"TOTAL",736918,1759010,"GEN",FALSE,FALSE,2025-11-20
2024,"CONNECTICUT","CT","09","01","US PRESIDENT","STEIN, JILL","GREEN","OTHER",FALSE,"TOTAL",14281,1759010,"GEN",FALSE,FALSE,2025-11-20
2024,"CONNECTICUT","CT","09","01","US PRESIDENT","KENNEDY, ROBERT F. JR","PETITIONING CANDIDATE","OTHER",FALSE,"TOTAL",8448,1759010,"GEN",FALSE,FALSE,2025-11-20
2024,"CONNECTICUT","CT","09","01","US PRESIDENT","OLIVER, CHASE","LIBERTARIAN","LIBERTARIAN",FALSE,"TOTAL",6729,1759010,"GEN",FALSE,FALSE,2025-11-20
2024,"CONNECTICUT","CT","09","01","US PRESIDENT","DE LA CRUZ UNKNOWN GARCIA","","OTHER",TRUE,"TOTAL",264,1759010,"GEN",FALSE,FALSE,2025-11-20
2024,"CONNECTICUT","CT","09","01","US PRESIDENT","SONSKI","","OTHER",TRUE,"TOTAL",162,1759010,"GEN",FALSE,FALSE,2025-11-20
2024,"CONNECTICUT","CT","09","01","US PRESIDENT","WEST","","OTHER",TRUE,"TOTAL",128,1759010,"GEN",FALSE,FALSE,2025-11-20
2024,"CONNECTICUT","CT","09","01","US PRESIDENT","AYYADURAI ELLIS UNKNOWN ELLIS","","OTHER",TRUE,"TOTAL",21,1759010,"GEN",FALSE,FALSE,2025-11-20
2024,"CONNECTICUT","CT","09","01","US PRESIDENT","FOX","","OTHER",TRUE,"TOTAL",4,1759010,"GEN",FALSE,FALSE,2025-11-20
2024,"CONNECTICUT","CT","09","01","US PRESIDENT","POTUS KENNEDY UNKNOWN KENNEDY","","OTHER",TRUE,"TOTAL",2,1759010,"GEN",FALSE,FALSE,2025-11-20
2024,"CONNECTICUT","CT","09","01","US PRESIDENT","MCNEIL","","OTHER",TRUE,"TOTAL",0,1759010,"GEN",FALSE,FALSE,2025-11-20
2024,"DISTRICT OF COLUMBIA","DC","11","55","US PRESIDENT","HARRIS, KAMALA D.","DEMOCRAT","DEMOCRAT",FALSE,"TOTAL",294185,325869,"GEN",FALSE,FALSE,2025-11-20
2024,"DISTRICT OF COLUMBIA","DC","11","55","US PRESIDENT","KENNEDY, ROBERT F. JR","INDEPENDENT","OTHER",FALSE,"TOTAL",2778,325869,"GEN",FALSE,FALSE,2025-11-20
2024,"DISTRICT OF COLUMBIA","DC","11","55","US PRESIDENT","OVERVOTES","","OTHER",FALSE,"TOTAL",460,325869,"GEN",FALSE,FALSE,2025-11-20
2024,"DISTRICT OF COLUMBIA","DC","11","55","US PRESIDENT","TRUMP, DONALD J.","REPUBLICAN","REPUBLICAN",FALSE,"TOTAL",21076,325869,"GEN",FALSE,FALSE,2025-11-20
2024,"DISTRICT OF COLUMBIA","DC","11","55","US PRESIDENT","UNDERVOTES","","OTHER",FALSE,"TOTAL",2075,325869,"GEN",FALSE,FALSE,2025-11-20
2024,"DISTRICT OF COLUMBIA","DC","11","55","US PRESIDENT","WRITE-IN","NO PARTY","OTHER",TRUE,"TOTAL",7830,325869,"GEN",FALSE,FALSE,2025-11-20
2024,"DELAWARE","DE","10","11","US PRESIDENT","HARRIS, KAMALA D.","DEMOCRAT","DEMOCRAT",FALSE,"TOTAL",289758,512913,"GEN",FALSE,FALSE,2025-11-20
2024,"DELAWARE","DE","10","11","US PRESIDENT","TRUMP, DONALD J.","REPUBLICAN","REPUBLICAN",FALSE,"TOTAL",214351,512913,"GEN",FALSE,FALSE,2025-11-20
2024,"DELAWARE","DE","10","11","US PRESIDENT","SUPREME, VERMIN","CONSERVATIVE PARTY","OTHER",FALSE,"TOTAL",914,512913,"GEN",FALSE,FALSE,2025-11-20
2024,"DELAWARE","DE","10","11","US PRESIDENT","KENNEDY, ROBERT F. JR","INDEPENDENT PARTY OF DELAWARE","OTHER",FALSE,"TOTAL",4636,512913,"GEN",FALSE,FALSE,2025-11-20
2024,"DELAWARE","DE","10","11","US PRESIDENT","OLIVER, CHASE","LIBERTARIAN PARTY","LIBERTARIAN",FALSE,"TOTAL",2038,512913,"GEN",FALSE,FALSE,2025-11-20
2024,"DELAWARE","DE","10","11","US PRESIDENT","BRENT PETERSON","","OTHER",TRUE,"TOTAL",1,512913,"GEN",FALSE,FALSE,2025-11-20
2024,"DELAWARE","DE","10","11","US PRESIDENT","CHERUNDA FOX","","OTHER",TRUE,"TOTAL",2,512913,"GEN",FALSE,FALSE,2025-11-20
2024,"DELAWARE","DE","10","11","US PRESIDENT","CLAUDIA DE LA CRUZ AND KARINA GARCIA","","OTHER",TRUE,"TOTAL",87,512913,"GEN",FALSE,FALSE,2025-11-20
2024,"DELAWARE","DE","10","11","US PRESIDENT","CORNEL WEST AND MELINA ABDULLAH","","OTHER",TRUE,"TOTAL",96,512913,"GEN",FALSE,FALSE,2025-11-20
2024,"DELAWARE","DE","10","11","US PRESIDENT","DR. SHIVA","","OTHER",TRUE,"TOTAL",4,512913,"GEN",FALSE,FALSE,2025-11-20
2024,"DELAWARE","DE","10","11","US PRESIDENT","EDWARD SHLIKAS","","OTHER",TRUE,"TOTAL",2,512913,"GEN",FALSE,FALSE,2025-11-20
2024,"DELAWARE","DE","10","11","US PRESIDENT","JAMES WALKER","","OTHER",TRUE,"TOTAL",7,512913,"GEN",FALSE,FALSE,2025-11-20
2024,"DELAWARE","DE","10","11","US PRESIDENT","JILL STEIN AND RUDOLPH WARE","","OTHER",TRUE,"TOTAL",914,512913,"GEN",FALSE,FALSE,2025-11-20
2024,"DELAWARE","DE","10","11","US PRESIDENT","JOHN CHENG","","OTHER",TRUE,"TOTAL",4,512913,"GEN",FALSE,FALSE,2025-11-20
2024,"DELAWARE","DE","10","11","US PRESIDENT","PETER SONSKI AND LAUREN ONAK","","OTHER",TRUE,"TOTAL",98,512913,"GEN",FALSE,FALSE,2025-11-20
2024,"DELAWARE","DE","10","11","US PRESIDENT","DOUG JENKINS","","OTHER",TRUE,"TOTAL",1,512913,"GEN",FALSE,FALSE,2025-11-20
2024,"FLORIDA","FL","12","43","US PRESIDENT","SONSKI, PETER","AMERICAN SOLIDARITY","OTHER",FALSE,"TOTAL",7454,10893752,"GEN",FALSE,FALSE,2025-11-20
2024,"FLORIDA","FL","12","43","US PRESIDENT","TERRY, RANDALL","CONSTITUTION PARTY OF FLORIDA","OTHER",FALSE,"TOTAL",5834,10893752,"GEN",FALSE,FALSE,2025-11-20
2024,"FLORIDA","FL","12","43","US PRESIDENT","HARRIS, KAMALA D.","DEMOCRAT","DEMOCRAT",FALSE,"TOTAL",4683038,10893752,"GEN",FALSE,FALSE,2025-11-20
2024,"FLORIDA","FL","12","43","US PRESIDENT","STEIN, JILL","GREEN PARTY","OTHER",FALSE,"TOTAL",43155,10893752,"GEN",FALSE,FALSE,2025-11-20
2024,"FLORIDA","FL","12","43","US PRESIDENT","OLIVER, CHASE","LIBERTARIAN PARTY OF FLORIDA","LIBERTARIAN",FALSE,"TOTAL",31972,10893752,"GEN",FALSE,FALSE,2025-11-20
2024,"FLORIDA","FL","12","43","US PRESIDENT","DE LA CRUZ, CLAUDIA","PARTY FOR SOCIALISM AND LIBERATION - FLORIDA","OTHER",FALSE,"TOTAL",11969,10893752,"GEN",FALSE,FALSE,2025-11-20
2024,"FLORIDA","FL","12","43","US PRESIDENT","TRUMP, DONALD J.","REPUBLICAN","REPUBLICAN",FALSE,"TOTAL",6110125,10893752,"GEN",FALSE,FALSE,2025-11-20
2024,"FLORIDA","FL","12","43","US PRESIDENT","AYYADURAI","","OTHER",TRUE,"TOTAL",199,10893752,"GEN",FALSE,FALSE,2025-11-20
2024,"FLORIDA","FL","12","43","US PRESIDENT","FOX","","OTHER",TRUE,"TOTAL",6,10893752,"GEN",FALSE,FALSE,2025-11-20
2024,"GEORGIA","GA","13","44","US PRESIDENT","TRUMP, DONALD J.","REPUBLICAN","REPUBLICAN",FALSE,"TOTAL",2663117,5250905,"GEN",FALSE,FALSE,2025-11-20
2024,"GEORGIA","GA","13","44","US PRESIDENT","HARRIS, KAMALA D.","DEMOCRAT","DEMOCRAT",FALSE,"TOTAL",2548017,5250905,"GEN",FALSE,FALSE,2025-11-20
2024,"GEORGIA","GA","13","44","US PRESIDENT","OLIVER, CHASE","LIBERTARIAN","LIBERTARIAN",FALSE,"TOTAL",20684,5250905,"GEN",FALSE,FALSE,2025-11-20
2024,"GEORGIA","GA","13","44","US PRESIDENT","STEIN, JILL","GREEN","OTHER",FALSE,"TOTAL",18229,5250905,"GEN",FALSE,FALSE,2025-11-20
2024,"GEORGIA","GA","13","44","US PRESIDENT","BRIAN KIENITZ","","OTHER",TRUE,"TOTAL",13,5250905,"GEN",FALSE,FALSE,2025-11-20
2024,"GEORGIA","GA","13","44","US PRESIDENT","NOMUSA VENITA SMITH","","OTHER",TRUE,"TOTAL",3,5250905,"GEN",FALSE,FALSE,2025-11-20
2024,"GEORGIA","GA","13","44","US PRESIDENT","PETER SONSKI","","OTHER",TRUE,"TOTAL",730,5250905,"GEN",FALSE,FALSE,2025-11-20
2024,"GEORGIA","GA","13","44","US PRESIDENT","JAY J BOWMAN","","OTHER",TRUE,"TOTAL",30,5250905,"GEN",FALSE,FALSE,2025-11-20
2024,"GEORGIA","GA","13","44","US PRESIDENT","PRESIDENT R BODDIE","","OTHER",TRUE,"TOTAL",14,5250905,"GEN",FALSE,FALSE,2025-11-20
2024,"GEORGIA","GA","13","44","US PRESIDENT","SHIVA AYYADURAI","","OTHER",TRUE,"TOTAL",37,5250905,"GEN",FALSE,FALSE,2025-11-20
2024,"GEORGIA","GA","13","44","US PRESIDENT","SUSAN MAUDE BUSCHER","","OTHER",TRUE,"TOTAL",3,5250905,"GEN",FALSE,FALSE,2025-11-20
2024,"GEORGIA","GA","13","44","US PRESIDENT","EMILY MATHEWS","","OTHER",TRUE,"TOTAL",19,5250905,"GEN",FALSE,FALSE,2025-11-20
2024,"GEORGIA","GA","13","44","US PRESIDENT","ANDRÉ RAMON MCNEIL SR","","OTHER",TRUE,"TOTAL",9,5250905,"GEN",FALSE,FALSE,2025-11-20
2024,"HAWAII","HI","15","82","US PRESIDENT","HARRIS, KAMALA D.","DEMOCRAT","DEMOCRAT",FALSE,"TOTAL",313044,522236,"GEN",FALSE,FALSE,2025-11-20
2024,"HAWAII","HI","15","82","US PRESIDENT","TRUMP, DONALD J.","REPUBLICAN","REPUBLICAN",FALSE,"TOTAL",193661,522236,"GEN",FALSE,FALSE,2025-11-20
2024,"HAWAII","HI","15","82","US PRESIDENT","STEIN, JILL","G","OTHER",FALSE,"TOTAL",4387,522236,"GEN",FALSE,FALSE,2025-11-20
2024,"HAWAII","HI","15","82","US PRESIDENT","OLIVER, CHASE","LIBERTARIAN","LIBERTARIAN",FALSE,"TOTAL",2733,522236,"GEN",FALSE,FALSE,2025-11-20
2024,"HAWAII","HI","15","82","US PRESIDENT","DE LA CRUZ, CLAUDIA","SOCIALIST LABOR","OTHER",FALSE,"TOTAL",1940,522236,"GEN",FALSE,FALSE,2025-11-20
2024,"HAWAII","HI","15","82","US PRESIDENT","SONSKI, PETER","SOCIALIST","OTHER",FALSE,"TOTAL",936,522236,"GEN",FALSE,FALSE,2025-11-20
2024,"HAWAII","HI","15","82","US PRESIDENT","UNDERVOTES","","OTHER",FALSE,"TOTAL",5010,522236,"GEN",FALSE,FALSE,2025-11-20
2024,"HAWAII","HI","15","82","US PRESIDENT","OVERVOTES","","OTHER",FALSE,"TOTAL",525,522236,"GEN",FALSE,FALSE,2025-11-20
2024,"IOWA","IA","19","31","US PRESIDENT","HARRIS, KAMALA D.","DEMOCRAT","DEMOCRAT",FALSE,"TOTAL",707278,1663506,"GEN",FALSE,FALSE,2025-11-20
2024,"IOWA","IA","19","31","US PRESIDENT","TRUMP, DONALD J.","REPUBLICAN","REPUBLICAN",FALSE,"TOTAL",927019,1663506,"GEN",FALSE,FALSE,2025-11-20
2024,"IOWA","IA","19","31","US PRESIDENT","OLIVER, CHASE","LIBERTARIAN","LIBERTARIAN",FALSE,"TOTAL",7218,1663506,"GEN",FALSE,FALSE,2025-11-20
2024,"IOWA","IA","19","31","US PRESIDENT","AYYADURAI, SHIVA","","OTHER",FALSE,"TOTAL",424,1663506,"GEN",FALSE,FALSE,2025-11-20
2024,"IOWA","IA","19","31","US PRESIDENT","DE LA CRUZ, CLAUDIA","PSL","OTHER",FALSE,"TOTAL",1427,1663506,"GEN",FALSE,FALSE,2025-11-20
2024,"IOWA","IA","19","31","US PRESIDENT","STODDEN, WILLIAM P.","SOCIALIST","OTHER",FALSE,"TOTAL",361,1663506,"GEN",FALSE,FALSE,2025-11-20
2024,"IOWA","IA","19","31","US PRESIDENT","KENNEDY, ROBERT F. JR","WE THE PEOPLE","OTHER",FALSE,"TOTAL",13122,1663506,"GEN",FALSE,FALSE,2025-11-20
2024,"IOWA","IA","19","31","US PRESIDENT","WRITE-IN","","OTHER",TRUE,"TOTAL",6657,1663506,"GEN",FALSE,FALSE,2025-11-20
2024,"IDAHO","ID","16","63","US PRESIDENT","TRUMP, DONALD J.","REPUBLICAN","REPUBLICAN",FALSE,"TOTAL",605246,917466,"GEN",FALSE,FALSE,2025-11-20
2024,"IDAHO","ID","16","63","US PRESIDENT","HARRIS, KAMALA D.","DEMOCRATIC","DEMOCRAT",FALSE,"TOTAL",274972,917466,"GEN",FALSE,FALSE,2025-11-20
2024,"IDAHO","ID","16","63","US PRESIDENT","KENNEDY, ROBERT F. JR","INDEPENDENT","OTHER",FALSE,"TOTAL",12812,917466,"GEN",FALSE,FALSE,2025-11-20
2024,"IDAHO","ID","16","63","US PRESIDENT","OLIVER, CHASE","LIBERTARIAN","LIBERTARIAN",FALSE,"TOTAL",4462,917466,"GEN",FALSE,FALSE,2025-11-20
2024,"IDAHO","ID","16","63","US PRESIDENT","STEIN, JILL","INDEPENDENT","OTHER",FALSE,"TOTAL",2973,917466,"GEN",FALSE,FALSE,2025-11-20
2024,"IDAHO","ID","16","63","US PRESIDENT","SKOUSEN, JOEL","CONSTITUTIONAL","OTHER",FALSE,"TOTAL",1577,917466,"GEN",FALSE,FALSE,2025-11-20
2024,"IDAHO","ID","16","63","US PRESIDENT","DE LA CRUZ, CLAUDIA","INDEPENDENT","OTHER",FALSE,"TOTAL",1230,917466,"GEN",FALSE,FALSE,2025-11-20
2024,"IDAHO","ID","16","63","US PRESIDENT","TERRY, RANDALL","INDEPENDENT","OTHER",FALSE,"TOTAL",1026,917466,"GEN",FALSE,FALSE,2025-11-20
2024,"IDAHO","ID","16","63","US PRESIDENT","AYYADURAI, SHIVA","INDEPENDENT","OTHER",FALSE,"TOTAL",514,917466,"GEN",FALSE,FALSE,2025-11-20
2024,"IDAHO","ID","16","63","US PRESIDENT","PETER SONSKI","INDEPENDENT","OTHER",TRUE,"TOTAL",242,917466,"GEN",FALSE,FALSE,2025-11-20
2024,"IDAHO","ID","16","63","US PRESIDENT","BRIAN LARRY KIENITZ","INDEPENDENT","OTHER",TRUE,"TOTAL",3,917466,"GEN",FALSE,FALSE,2025-11-20
2024,"IDAHO","ID","16","63","US PRESIDENT","UNDERVOTES","","OTHER",FALSE,"TOTAL",11194,917466,"GEN",FALSE,FALSE,2025-11-20
2024,"IDAHO","ID","16","63","US PRESIDENT","OVERVOTES","","OTHER",FALSE,"TOTAL",1215,917466,"GEN",FALSE,FALSE,2025-11-20
2024,"ILLINOIS","IL","17","21","US PRESIDENT","KENNEDY, ROBERT F. JR","INDEPENDENT","OTHER",FALSE,"TOTAL",80426,5633310,"GEN",FALSE,FALSE,2025-11-20
2024,"ILLINOIS","IL","17","21","US PRESIDENT","TRUMP, DONALD J.","REPUBLICAN","REPUBLICAN",FALSE,"TOTAL",2449079,5633310,"GEN",FALSE,FALSE,2025-11-20
2024,"ILLINOIS","IL","17","21","US PRESIDENT","HARRIS, KAMALA D.","DEMOCRATIC","DEMOCRAT",FALSE,"TOTAL",3062863,5633310,"GEN",FALSE,FALSE,2025-11-20
2024,"ILLINOIS","IL","17","21","US PRESIDENT","ANDRE RAMON MCNEIL SR","","OTHER",TRUE,"TOTAL",7,5633310,"GEN",FALSE,FALSE,2025-11-20
2024,"ILLINOIS","IL","17","21","US PRESIDENT","CHASE OLIVER","","OTHER",TRUE,"TOTAL",3510,5633310,"GEN",FALSE,FALSE,2025-11-20
2024,"ILLINOIS","IL","17","21","US PRESIDENT","CHERUNDA FOX","","OTHER",TRUE,"TOTAL",3,5633310,"GEN",FALSE,FALSE,2025-11-20
2024,"ILLINOIS","IL","17","21","US PRESIDENT","CORNEL WEST","","OTHER",TRUE,"TOTAL",1569,5633310,"GEN",FALSE,FALSE,2025-11-20
2024,"ILLINOIS","IL","17","21","US PRESIDENT","HEATHER LYNN STONE","","OTHER",TRUE,"TOTAL",30,5633310,"GEN",FALSE,FALSE,2025-11-20
2024,"ILLINOIS","IL","17","21","US PRESIDENT","JILL STEIN","","OTHER",TRUE,"TOTAL",31023,5633310,"GEN",FALSE,FALSE,2025-11-20
2024,"ILLINOIS","IL","17","21","US PRESIDENT","JOHN P ALBERS","","OTHER",TRUE,"TOTAL",3,5633310,"GEN",FALSE,FALSE,2025-11-20
2024,"ILLINOIS","IL","17","21","US PRESIDENT","RICHARD MAYERS","","OTHER",TRUE,"TOTAL",1,5633310,"GEN",FALSE,FALSE,2025-11-20
2024,"ILLINOIS","IL","17","21","US PRESIDENT","SHIVA AYYADURAI","","OTHER",TRUE,"TOTAL",42,5633310,"GEN",FALSE,FALSE,2025-11-20
2024,"ILLINOIS","IL","17","21","US PRESIDENT","SUSAN MAUDE BUCHSER","","OTHER",TRUE,"TOTAL",1,5633310,"GEN",FALSE,FALSE,2025-11-20
2024,"ILLINOIS","IL","17","21","US PRESIDENT","CLAUDIA DE LA CRUZ","","OTHER",TRUE,"TOTAL",2877,5633310,"GEN",FALSE,FALSE,2025-11-20
2024,"ILLINOIS","IL","17","21","US PRESIDENT","MELINA ABDULLAH","","OTHER",TRUE,"TOTAL",21,5633310,"GEN",FALSE,FALSE,2025-11-20
2024,"ILLINOIS","IL","17","21","US PRESIDENT","RUDOLPH WARE","","OTHER",TRUE,"TOTAL",322,5633310,"GEN",FALSE,FALSE,2025-11-20
2024,"ILLINOIS","IL","17","21","US PRESIDENT","GARRY HUBBARD","","OTHER",TRUE,"TOTAL",3,5633310,"GEN",FALSE,FALSE,2025-11-20
2024,"ILLINOIS","IL","17","21","US PRESIDENT","FUTURE MADAME POTUS","","OTHER",TRUE,"TOTAL",12,5633310,"GEN",FALSE,FALSE,2025-11-20
2024,"ILLINOIS","IL","17","21","US PRESIDENT","PETER SONSKI","","OTHER",TRUE,"TOTAL",1391,5633310,"GEN",FALSE,FALSE,2025-11-20
2024,"ILLINOIS","IL","17","21","US PRESIDENT","MIKE TER MAAT","","OTHER",TRUE,"TOTAL",90,5633310,"GEN",FALSE,FALSE,2025-11-20
2024,"ILLINOIS","IL","17","21","US PRESIDENT","BRIAN LARRY KIENITZ","","OTHER",TRUE,"TOTAL",2,5633310,"GEN",FALSE,FALSE,2025-11-20
2024,"ILLINOIS","IL","17","21","US PRESIDENT","GORDAN HLAVENKA","","OTHER",TRUE,"TOTAL",5,5633310,"GEN",FALSE,FALSE,2025-11-20
2024,"ILLINOIS","IL","17","21","US PRESIDENT","KEVIN MCKEE","","OTHER",TRUE,"TOTAL",4,5633310,"GEN",FALSE,FALSE,2025-11-20
2024,"ILLINOIS","IL","17","21","US PRESIDENT","LATRINA PEETE","","OTHER",TRUE,"TOTAL",0,5633310,"GEN",FALSE,FALSE,2025-11-20
2024,"ILLINOIS","IL","17","21","US PRESIDENT","DAVID J NASH","","OTHER",TRUE,"TOTAL",4,5633310,"GEN",FALSE,FALSE,2025-11-20
2024,"ILLINOIS","IL","17","21","US PRESIDENT","SHONDRA IRVING","","OTHER",TRUE,"TOTAL",0,5633310,"GEN",FALSE,FALSE,2025-11-20
2024,"ILLINOIS","IL","17","21","US PRESIDENT","JOSEPH KISHORE","","OTHER",TRUE,"TOTAL",12,5633310,"GEN",FALSE,FALSE,2025-11-20
2024,"ILLINOIS","IL","17","21","US PRESIDENT","JERRY WHITE","","OTHER",TRUE,"TOTAL",2,5633310,"GEN",FALSE,FALSE,2025-11-20
2024,"ILLINOIS","IL","17","21","US PRESIDENT","JAMES T. STRUCK","","OTHER",TRUE,"TOTAL",8,5633310,"GEN",FALSE,FALSE,2025-11-20
2024,"INDIANA","IN","18","22","US PRESIDENT","ANDRÉ RAMON MCNEIL SR.","INDEPENDENT","OTHER",TRUE,"TOTAL",4,2936677,"GEN",FALSE,FALSE,2025-11-20
2024,"INDIANA","IN","18","22","US PRESIDENT","CAROL ASHER","INDEPENDENT","OTHER",TRUE,"TOTAL",4,2936677,"GEN",FALSE,FALSE,2025-11-20
2024,"INDIANA","IN","18","22","US PRESIDENT","OLIVER, CHASE","LIBERTARIAN","LIBERTARIAN",FALSE,"TOTAL",20425,2936677,"GEN",FALSE,FALSE,2025-11-20
2024,"INDIANA","IN","18","22","US PRESIDENT","CHERUNDA LYNN FOX","INDEPENDENT","OTHER",TRUE,"TOTAL",1,2936677,"GEN",FALSE,FALSE,2025-11-20
2024,"INDIANA","IN","18","22","US PRESIDENT","CLAUDIA DE LA CRUZ & KARINA GARCIA","PARTY FOR SOCIALISM AND LIBERATION","OTHER",TRUE,"TOTAL",832,2936677,"GEN",FALSE,FALSE,2025-11-20
2024,"INDIANA","IN","18","22","US PRESIDENT","CORNEL WEST & MELINA ABDULLAH","INDEPENDENT","OTHER",TRUE,"TOTAL",722,2936677,"GEN",FALSE,FALSE,2025-11-20
2024,"INDIANA","IN","18","22","US PRESIDENT","TRUMP, DONALD J.","REPUBLICAN","REPUBLICAN",FALSE,"TOTAL",1720347,2936677,"GEN",FALSE,FALSE,2025-11-20
2024,"INDIANA","IN","18","22","US PRESIDENT","DOUG JENKINS","INDEPENDENT","OTHER",TRUE,"TOTAL",5,2936677,"GEN",FALSE,FALSE,2025-11-20
2024,"INDIANA","IN","18","22","US PRESIDENT","HARRIS, KAMALA D.","DEMOCRATIC","DEMOCRAT",FALSE,"TOTAL",1163603,2936677,"GEN",FALSE,FALSE,2025-11-20
2024,"INDIANA","IN","18","22","US PRESIDENT","NALA BAOZUN SCOTT JOHNSON JR","OTHER","OTHER",TRUE,"TOTAL",2,2936677,"GEN",FALSE,FALSE,2025-11-20
2024,"INDIANA","IN","18","22","US PRESIDENT","PAIJ BORING","INDEPENDENT","OTHER",TRUE,"TOTAL",18,2936677,"GEN",FALSE,FALSE,2025-11-20
2024,"INDIANA","IN","18","22","US PRESIDENT","PETER SONSKI","AMERICAN SOLIDARITY","OTHER",TRUE,"TOTAL",1347,2936677,"GEN",FALSE,FALSE,2025-11-20
2024,"INDIANA","IN","18","22","US PRESIDENT","KENNEDY, ROBERT F. JR","WE THE PEOPLE","OTHER",FALSE,"TOTAL",29325,2936677,"GEN",FALSE,FALSE,2025-11-20
2024,"INDIANA","IN","18","22","US PRESIDENT","SHONDRA IRVING","INDEPENDENT","OTHER",TRUE,"TOTAL",2,2936677,"GEN",FALSE,FALSE,2025-11-20
2024,"INDIANA","IN","18","22","US PRESIDENT","SUSAN MAUDE BUCHSER","OTHER","OTHER",TRUE,"TOTAL",1,2936677,"GEN",FALSE,FALSE,2025-11-20
2024,"INDIANA","IN","18","22","US PRESIDENT","TOM HOEFLING & ANDY PRIOR","INDEPENDENT","OTHER",TRUE,"TOTAL",34,2936677,"GEN",FALSE,FALSE,2025-11-20
2024,"INDIANA","IN","18","22","US PRESIDENT","WILLIAM CODY NALBACH","INDEPENDENT","OTHER",TRUE,"TOTAL",5,2936677,"GEN",FALSE,FALSE,2025-11-20
2024,"KANSAS","KS","20","32","US PRESIDENT","TRUMP, DONALD J.","REPUBLICAN","REPUBLICAN",FALSE,"TOTAL",758802,1327591,"GEN",FALSE,FALSE,2025-11-20
2024,"KANSAS","KS","20","32","US PRESIDENT","HARRIS, KAMALA D.","DEMOCRAT","DEMOCRAT",FALSE,"TOTAL",544853,1327591,"GEN",FALSE,FALSE,2025-11-20
2024,"KANSAS","KS","20","32","US PRESIDENT","KENNEDY, ROBERT F. JR","INDEPENDENT","OTHER",FALSE,"TOTAL",16322,1327591,"GEN",FALSE,FALSE,2025-11-20
2024,"KANSAS","KS","20","32","US PRESIDENT","OLIVER, CHASE","LIBERTARIAN","LIBERTARIAN",FALSE,"TOTAL",7614,1327591,"GEN",FALSE,FALSE,2025-11-20
2024,"KENTUCKY","KY","21","51","US PRESIDENT","TRUMP, DONALD J.","REPUBLICAN","REPUBLICAN",FALSE,"TOTAL",1337494,2074530,"GEN",FALSE,TRUE,2025-11-20
2024,"KENTUCKY","KY","21","51","US PRESIDENT","HARRIS, KAMALA D.","DEMOCRAT","DEMOCRAT",FALSE,"TOTAL",704043,2074530,"GEN",FALSE,TRUE,2025-11-20
2024,"KENTUCKY","KY","21","51","US PRESIDENT","KENNEDY, ROBERT F. JR","INDEPENDENT","OTHER",FALSE,"TOTAL",16769,2074530,"GEN",FALSE,TRUE,2025-11-20
2024,"KENTUCKY","KY","21","51","US PRESIDENT","STEIN, JILL","KENTUCKY PARTY","OTHER",FALSE,"TOTAL",7566,2074530,"GEN",FALSE,TRUE,2025-11-20
2024,"KENTUCKY","KY","21","51","US PRESIDENT","OLIVER, CHASE","LIBERTARIAN PARTY","LIBERTARIAN",FALSE,"TOTAL",6422,2074530,"GEN",FALSE,TRUE,2025-11-20
2024,"KENTUCKY","KY","21","51","US PRESIDENT","AYYADURAI, SHIVA","INDEPENDENT (WRITE-IN)","OTHER",FALSE,"TOTAL",1015,2074530,"GEN",FALSE,TRUE,2025-11-20
2024,"KENTUCKY","KY","21","51","US PRESIDENT","LAUREN ONAK / PETER SONSKI","WRITE-IN","OTHER",TRUE,"TOTAL",611,2074530,"GEN",FALSE,TRUE,2025-11-20
2024,"KENTUCKY","KY","21","51","US PRESIDENT","CLAUDIA DE LA CRUZ / KARINA GARCIA","WRITE-IN","OTHER",TRUE,"TOTAL",391,2074530,"GEN",FALSE,TRUE,2025-11-20
2024,"KENTUCKY","KY","21","51","US PRESIDENT","CORNEL WEST / MELINA ABDULLAH","WRITE-IN","OTHER",TRUE,"TOTAL",177,2074530,"GEN",FALSE,TRUE,2025-11-20
2024,"KENTUCKY","KY","21","51","US PRESIDENT","JAMES D. SODERNA / MATTHEW J. TREWHELLA","WRITE-IN","OTHER",TRUE,"TOTAL",14,2074530,"GEN",FALSE,TRUE,2025-11-20
2024,"KENTUCKY","KY","21","51","US PRESIDENT","JAY J. BOWMAN / DE BOWMAN","WRITE-IN","OTHER",TRUE,"TOTAL",10,2074530,"GEN",FALSE,TRUE,2025-11-20
2024,"KENTUCKY","KY","21","51","US PRESIDENT","JOSEPH KISHORE / JERRY WHITE","WRITE-IN","OTHER",TRUE,"TOTAL",8,2074530,"GEN",FALSE,TRUE,2025-11-20
2024,"KENTUCKY","KY","21","51","US PRESIDENT","JOHN CHENG / WAYNE WALIGORSKI","WRITE-IN","OTHER",TRUE,"TOTAL",5,2074530,"GEN",FALSE,TRUE,2025-11-20
2024,"KENTUCKY","KY","21","51","US PRESIDENT","BILLY KELLEY JR. / JASON HOLDEMAN","WRITE-IN","OTHER",TRUE,"TOTAL",4,2074530,"GEN",FALSE,TRUE,2025-11-20
2024,"KENTUCKY","KY","21","51","US PRESIDENT","CHERUNDA FOX / HARLAN MCVAY JR.","WRITE-IN","OTHER",TRUE,"TOTAL",1,2074530,"GEN",FALSE,TRUE,2025-11-20
2024,"KENTUCKY","KY","21","51","US PRESIDENT","ANDRE RAMON MCNEIL SR. / ROSCHELLE MCNEIL","WRITE-IN","OTHER",TRUE,"TOTAL",0,2074530,"GEN",FALSE,TRUE,2025-11-20
2024,"KENTUCKY","KY","21","51","US PRESIDENT","FUTURE MADAM POTUS / JESSICA KENNEDY","WRITE-IN","OTHER",TRUE,"TOTAL",0,2074530,"GEN",FALSE,TRUE,2025-11-20
2024,"LOUISIANA","LA","22","45","US PRESIDENT","HARRIS, KAMALA D.","DEMOCRATIC","DEMOCRAT",FALSE,"TOTAL",766870,2006975,"GEN",FALSE,FALSE,2025-11-20
2024,"LOUISIANA","LA","22","45","US PRESIDENT","STEIN, JILL","GREEN","OTHER",FALSE,"TOTAL",7138,2006975,"GEN",FALSE,FALSE,2025-11-20
2024,"LOUISIANA","LA","22","45","US PRESIDENT","OLIVER, CHASE","LIBERTARIAN","LIBERTARIAN",FALSE,"TOTAL",6835,2006975,"GEN",FALSE,FALSE,2025-11-20
2024,"LOUISIANA","LA","22","45","US PRESIDENT","TRUMP, DONALD J.","REPUBLICAN","REPUBLICAN",FALSE,"TOTAL",1208505,2006975,"GEN",FALSE,FALSE,2025-11-20
2024,"LOUISIANA","LA","22","45","US PRESIDENT","SONSKI, PETER","AMERICAN SOLIDARITY PARTY","OTHER",FALSE,"TOTAL",2240,2006975,"GEN",FALSE,FALSE,2025-11-20
2024,"LOUISIANA","LA","22","45","US PRESIDENT","TERRY, RANDALL","CONSTITUTION PARTY","OTHER",FALSE,"TOTAL",1424,2006975,"GEN",FALSE,FALSE,2025-11-20
2024,"LOUISIANA","LA","22","45","US PRESIDENT","PRESTON, MATTIE","GODLINESS, TRUTH, JUSTICE","OTHER",FALSE,"TOTAL",2857,2006975,"GEN",FALSE,FALSE,2025-11-20
2024,"LOUISIANA","LA","22","45","US PRESIDENT","WEST, CORNEL","JUSTICE FOR ALL","OTHER",FALSE,"TOTAL",2623,2006975,"GEN",FALSE,FALSE,2025-11-20
2024,"LOUISIANA","LA","22","45","US PRESIDENT","DE LA CRUZ, CLAUDIA","SOCIALISM AND LIBERATION","OTHER",FALSE,"TOTAL",1481,2006975,"GEN",FALSE,FALSE,2025-11-20
2024,"LOUISIANA","LA","22","45","US PRESIDENT","FRUIT, RACHELE","SOCIALIST WORKERS PARTY","OTHER",FALSE,"TOTAL",361,2006975,"GEN",FALSE,FALSE,2025-11-20
2024,"LOUISIANA","LA","22","45","US PRESIDENT","KENNEDY, ROBERT F. JR","WE THE PEOPLE","OTHER",FALSE,"TOTAL",6641,2006975,"GEN",FALSE,FALSE,2025-11-20
2024,"MASSACHUSETTS","MA","25","03","US PRESIDENT","HARRIS, KAMALA D.","DEMOCRATIC","DEMOCRAT",FALSE,"TOTAL",2126518,3512930,"GEN",FALSE,FALSE,2025-11-20
2024,"MASSACHUSETTS","MA","25","03","US PRESIDENT","TRUMP, DONALD J.","REPUBLICAN","REPUBLICAN",FALSE,"TOTAL",1251303,3512930,"GEN",FALSE,FALSE,2025-11-20
2024,"MASSACHUSETTS","MA","25","03","US PRESIDENT","STEIN, JILL","GREEN-RAINBOW PARTY","OTHER",FALSE,"TOTAL",26545,3512930,"GEN",FALSE,FALSE,2025-11-20
2024,"MASSACHUSETTS","MA","25","03","US PRESIDENT","AYYADURAI, SHIVA","INDEPENDENT","OTHER",FALSE,"TOTAL",18418,3512930,"GEN",FALSE,FALSE,2025-11-20
2024,"MASSACHUSETTS","MA","25","03","US PRESIDENT","OLIVER, CHASE","LIBERTARIAN","LIBERTARIAN",FALSE,"TOTAL",17735,3512930,"GEN",FALSE,FALSE,2025-11-20
2024,"MASSACHUSETTS","MA","25","03","US PRESIDENT","DE LA CRUZ, CLAUDIA","SOCIALISM AND LIBERATION","OTHER",FALSE,"TOTAL",12889,3512930,"GEN",FALSE,FALSE,2025-11-20
2024,"MASSACHUSETTS","MA","25","03","US PRESIDENT","SONSKI ONAK","","OTHER",TRUE,"TOTAL",280,3512930,"GEN",FALSE,FALSE,2025-11-20
2024,"MASSACHUSETTS","MA","25","03","US PRESIDENT","WEST ABDULLAH","","OTHER",TRUE,"TOTAL",243,3512930,"GEN",FALSE,FALSE,2025-11-20
2024,"MASSACHUSETTS","MA","25","03","US PRESIDENT","WRITE-IN","","OTHER",TRUE,"TOTAL",19737,3512930,"GEN",FALSE,FALSE,2025-11-20
2024,"MASSACHUSETTS","MA","25","03","US PRESIDENT","UNDERVOTES","","OTHER",FALSE,"TOTAL",39262,3512930,"GEN",FALSE,FALSE,2025-11-20
2024,"MARYLAND","MD","24","52","US PRESIDENT","HARRIS, KAMALA D.","DEMOCRATIC","DEMOCRAT",FALSE,"TOTAL",1902577,3038334,"GEN",FALSE,FALSE,2025-11-20
2024,"MARYLAND","MD","24","52","US PRESIDENT","TRUMP, DONALD J.","REPUBLICAN","REPUBLICAN",FALSE,"TOTAL",1035550,3038334,"GEN",FALSE,FALSE,2025-11-20
2024,"MARYLAND","MD","24","52","US PRESIDENT","OLIVER, CHASE","LIBERTARIAN","LIBERTARIAN",FALSE,"TOTAL",15570,3038334,"GEN",FALSE,FALSE,2025-11-20
2024,"MARYLAND","MD","24","52","US PRESIDENT","STEIN, JILL","GREEN","OTHER",FALSE,"TOTAL",33134,3038334,"GEN",FALSE,FALSE,2025-11-20
2024,"MARYLAND","MD","24","52","US PRESIDENT","KENNEDY, ROBERT F. JR","UNAFFILIATED","OTHER",FALSE,"TOTAL",28819,3038334,"GEN",FALSE,FALSE,2025-11-20
2024,"MARYLAND","MD","24","52","US PRESIDENT","SHARON E HARRIS","DEMOCRATIC","OTHER",TRUE,"TOTAL",2,3038334,"GEN",FALSE,FALSE,2025-11-20
2024,"MARYLAND","MD","24","52","US PRESIDENT","RALPH JAFFE","DEMOCRATIC","OTHER",TRUE,"TOTAL",25,3038334,"GEN",FALSE,FALSE,2025-11-20
2024,"MARYLAND","MD","24","52","US PRESIDENT","PAIJ BORING AND JAIMEY RUTSCHMAN","REPUBLICAN","OTHER",TRUE,"TOTAL",104,3038334,"GEN",FALSE,FALSE,2025-11-20
2024,"MARYLAND","MD","24","52","US PRESIDENT","SETHATINA NEWMAN","REPUBLICAN","OTHER",TRUE,"TOTAL",1,3038334,"GEN",FALSE,FALSE,2025-11-20
2024,"MARYLAND","MD","24","52","US PRESIDENT","CAROL ASHER","OTHER CANDIDATES","OTHER",TRUE,"TOTAL",2,3038334,"GEN",FALSE,FALSE,2025-11-20
2024,"MARYLAND","MD","24","52","US PRESIDENT","JOKIE BECKETT, JR.","OTHER CANDIDATES","OTHER",TRUE,"TOTAL",1,3038334,"GEN",FALSE,FALSE,2025-11-20
2024,"MARYLAND","MD","24","52","US PRESIDENT","CLAUDIA DE LA CRUZ AND KARINA GARCIA","OTHER CANDIDATES","OTHER",TRUE,"TOTAL",1136,3038334,"GEN",FALSE,FALSE,2025-11-20
2024,"MARYLAND","MD","24","52","US PRESIDENT","JOHN R. GIBB, JR.","OTHER CANDIDATES","OTHER",TRUE,"TOTAL",3,3038334,"GEN",FALSE,FALSE,2025-11-20
2024,"MARYLAND","MD","24","52","US PRESIDENT","JOSEPH KISHORE","OTHER CANDIDATES","OTHER",TRUE,"TOTAL",12,3038334,"GEN",FALSE,FALSE,2025-11-20
2024,"MARYLAND","MD","24","52","US PRESIDENT","WILLIAM P. STODDEN","OTHER CANDIDATES","OTHER",TRUE,"TOTAL",3,3038334,"GEN",FALSE,FALSE,2025-11-20
2024,"MARYLAND","MD","24","52","US PRESIDENT","SHIVA AYYADURAI AND CRYSTAL ELLIS","UNAFFILIATED","OTHER",TRUE,"TOTAL",31,3038334,"GEN",FALSE,FALSE,2025-11-20
2024,"MARYLAND","MD","24","52","US PRESIDENT","PRESIDENT R. BODDIE","UNAFFILIATED","OTHER",TRUE,"TOTAL",3,3038334,"GEN",FALSE,FALSE,2025-11-20
2024,"MARYLAND","MD","24","52","US PRESIDENT","THEO BROWN, SR.","UNAFFILIATED","OTHER",TRUE,"TOTAL",0,3038334,"GEN",FALSE,FALSE,2025-11-20
2024,"MARYLAND","MD","24","52","US PRESIDENT","SUSAN MAUDE BUCHSER","UNAFFILIATED","OTHER",TRUE,"TOTAL",2,3038334,"GEN",FALSE,FALSE,2025-11-20
2024,"MARYLAND","MD","24","52","US PRESIDENT","JOHN CHENG AND WAYNE WALIGORSKI","UNAFFILIATED","OTHER",TRUE,"TOTAL",6,3038334,"GEN",FALSE,FALSE,2025-11-20
2024,"MARYLAND","MD","24","52","US PRESIDENT","CHERUNDA FOX","UNAFFILIATED","OTHER",TRUE,"TOTAL",0,3038334,"GEN",FALSE,FALSE,2025-11-20
2024,"MARYLAND","MD","24","52","US PRESIDENT","GARRY HUBBARD AND ELIZABETH SEYMOUR","UNAFFILIATED","OTHER",TRUE,"TOTAL",1,3038334,"GEN",FALSE,FALSE,2025-11-20
2024,"MARYLAND","MD","24","52","US PRESIDENT","SHONDRA IRVING","UNAFFILIATED","OTHER",TRUE,"TOTAL",5,3038334,"GEN",FALSE,FALSE,2025-11-20
2024,"MARYLAND","MD","24","52","US PRESIDENT","DOUGLAS JENKINS","UNAFFILIATED","OTHER",TRUE,"TOTAL",9,3038334,"GEN",FALSE,FALSE,2025-11-20
2024,"MARYLAND","MD","24","52","US PRESIDENT","BRIAN LARRY KIENITZ","UNAFFILIATED","OTHER",TRUE,"TOTAL",7,3038334,"GEN",FALSE,FALSE,2025-11-20
2024,"MARYLAND","MD","24","52","US PRESIDENT","RICHARD MAYERS","UNAFFILIATED","OTHER",TRUE,"TOTAL",1,3038334,"GEN",FALSE,FALSE,2025-11-20
2024,"MARYLAND","MD","24","52","US PRESIDENT","ANDRÈ RAMON MCNEIL, SR.","UNAFFILIATED","OTHER",TRUE,"TOTAL",2,3038334,"GEN",FALSE,FALSE,2025-11-20
2024,"MARYLAND","MD","24","52","US PRESIDENT","FUTURE MADAM POTUS AND JESSICA KENNEDY","UNAFFILIATED","OTHER",TRUE,"TOTAL",0,3038334,"GEN",FALSE,FALSE,2025-11-20
2024,"MARYLAND","MD","24","52","US PRESIDENT","BENJAMIN L. SCHWALB","UNAFFILIATED","OTHER",TRUE,"TOTAL",4,3038334,"GEN",FALSE,FALSE,2025-11-20
2024,"MARYLAND","MD","24","52","US PRESIDENT","PETER SONSKI","UNAFFILIATED","OTHER",TRUE,"TOTAL",1012,3038334,"GEN",FALSE,FALSE,2025-11-20
2024,"MARYLAND","MD","24","52","US PRESIDENT","LESTER H. WALLER, JR.","UNAFFILIATED","OTHER",TRUE,"TOTAL",5,3038334,"GEN",FALSE,FALSE,2025-11-20
2024,"MARYLAND","MD","24","52","US PRESIDENT","CORNEL WEST AND MELINA ABDULLAH","UNAFFILIATED","OTHER",TRUE,"TOTAL",918,3038334,"GEN",FALSE,FALSE,2025-11-20
2024,"MARYLAND","MD","24","52","US PRESIDENT","MICHAEL YOST","UNAFFILIATED","OTHER",TRUE,"TOTAL",6,3038334,"GEN",FALSE,FALSE,2025-11-20
2024,"MARYLAND","MD","24","52","US PRESIDENT","WRITE-IN","","OTHER",TRUE,"TOTAL",19383,3038334,"GEN",FALSE,FALSE,2025-11-20
2024,"MAINE","ME","23","02","US PRESIDENT","HARRIS, KAMALA D.","DEMOCRATIC","DEMOCRAT",FALSE,"TOTAL",435652,842447,"GEN",FALSE,FALSE,2025-11-20
2024,"MAINE","ME","23","02","US PRESIDENT","OLIVER, CHASE","LIBERTARIAN","LIBERTARIAN",FALSE,"TOTAL",5286,842447,"GEN",FALSE,FALSE,2025-11-20
2024,"MAINE","ME","23","02","US PRESIDENT","STEIN, JILL","GREEN INDEPENDENT","OTHER",FALSE,"TOTAL",8967,842447,"GEN",FALSE,FALSE,2025-11-20
2024,"MAINE","ME","23","02","US PRESIDENT","TRUMP, DONALD J.","REPUBLICAN","REPUBLICAN",FALSE,"TOTAL",377977,842447,"GEN",FALSE,FALSE,2025-11-20
2024,"MAINE","ME","23","02","US PRESIDENT","WEST, CORNEL","JUSTICE FOR ALL","OTHER",FALSE,"TOTAL",2912,842447,"GEN",FALSE,FALSE,2025-11-20
2024,"MAINE","ME","23","02","US PRESIDENT","WRITE-IN","","OTHER",TRUE,"TOTAL",581,842447,"GEN",FALSE,FALSE,2025-11-20
2024,"MAINE","ME","23","02","US PRESIDENT","UNDERVOTES","","OTHER",FALSE,"TOTAL",11072,842447,"GEN",FALSE,FALSE,2025-11-20
2024,"MICHIGAN","MI","26","23","US PRESIDENT","OLIVER, CHASE","LIBERTARIAN","LIBERTARIAN",FALSE,"TOTAL",22440,5664186,"GEN",FALSE,FALSE,2025-11-20
2024,"MICHIGAN","MI","26","23","US PRESIDENT","CHERUNDA LYNN FOX","","OTHER",TRUE,"TOTAL",8,5664186,"GEN",FALSE,FALSE,2025-11-20
2024,"MICHIGAN","MI","26","23","US PRESIDENT","CLAUDIA DE LA CRUZ","","OTHER",TRUE,"TOTAL",458,5664186,"GEN",FALSE,FALSE,2025-11-20
2024,"MICHIGAN","MI","26","23","US PRESIDENT","WEST, CORNEL","NO PARTY AFFILIATION","OTHER",FALSE,"TOTAL",6664,5664186,"GEN",FALSE,FALSE,2025-11-20
2024,"MICHIGAN","MI","26","23","US PRESIDENT","TRUMP, DONALD J.","REPUBLICAN","REPUBLICAN",FALSE,"TOTAL",2816636,5664186,"GEN",FALSE,FALSE,2025-11-20
2024,"MICHIGAN","MI","26","23","US PRESIDENT","JAY J BOWMAN","","OTHER",TRUE,"TOTAL",4,5664186,"GEN",FALSE,FALSE,2025-11-20
2024,"MICHIGAN","MI","26","23","US PRESIDENT","STEIN, JILL","GREEN","OTHER",FALSE,"TOTAL",44607,5664186,"GEN",FALSE,FALSE,2025-11-20
2024,"MICHIGAN","MI","26","23","US PRESIDENT","KISHORE, JOSEPH","NO PARTY AFFILIATION","OTHER",FALSE,"TOTAL",2330,5664186,"GEN",FALSE,FALSE,2025-11-20
2024,"MICHIGAN","MI","26","23","US PRESIDENT","HARRIS, KAMALA D.","DEMOCRATIC","DEMOCRAT",FALSE,"TOTAL",2736533,5664186,"GEN",FALSE,FALSE,2025-11-20
2024,"MICHIGAN","MI","26","23","US PRESIDENT","PETER SONSKI","","OTHER",TRUE,"TOTAL",1212,5664186,"GEN",FALSE,FALSE,2025-11-20
2024,"MICHIGAN","MI","26","23","US PRESIDENT","TERRY, RANDALL","U.S. TAXPAYERS","OTHER",FALSE,"TOTAL",6509,5664186,"GEN",FALSE,FALSE,2025-11-20
2024,"MICHIGAN","MI","26","23","US PRESIDENT","KENNEDY, ROBERT F. JR","NATURAL LAW","OTHER",FALSE,"TOTAL",26785,5664186,"GEN",FALSE,FALSE,2025-11-20
2024,"MINNESOTA","MN","27","33","US PRESIDENT","TRUMP, DONALD J.","REPUBLICAN","REPUBLICAN",FALSE,"TOTAL",1519032,3253920,"GEN",FALSE,FALSE,2025-11-20
2024,"MINNESOTA","MN","27","33","US PRESIDENT","HARRIS, KAMALA D.","DFL","DEMOCRAT",FALSE,"TOTAL",1656979,3253920,"GEN",FALSE,FALSE,2025-11-20
2024,"MINNESOTA","MN","27","33","US PRESIDENT","OLIVER, CHASE","LIBERTARIAN","LIBERTARIAN",FALSE,"TOTAL",15155,3253920,"GEN",FALSE,FALSE,2025-11-20
2024,"MINNESOTA","MN","27","33","US PRESIDENT","KENNEDY, ROBERT F. JR","WE THE PEOPLE","OTHER",FALSE,"TOTAL",24001,3253920,"GEN",FALSE,FALSE,2025-11-20
2024,"MINNESOTA","MN","27","33","US PRESIDENT","STEIN, JILL","G","OTHER",FALSE,"TOTAL",16275,3253920,"GEN",FALSE,FALSE,2025-11-20
2024,"MINNESOTA","MN","27","33","US PRESIDENT","DE LA CRUZ, CLAUDIA","SOCIALIST LABOR","OTHER",FALSE,"TOTAL",2996,3253920,"GEN",FALSE,FALSE,2025-11-20
2024,"MINNESOTA","MN","27","33","US PRESIDENT","FRUIT, RACHELE","SOCIALIST WORKERS","OTHER",FALSE,"TOTAL",457,3253920,"GEN",FALSE,FALSE,2025-11-20
2024,"MINNESOTA","MN","27","33","US PRESIDENT","WEST, CORNEL","JUSTICE FOR ALL","OTHER",FALSE,"TOTAL",3136,3253920,"GEN",FALSE,FALSE,2025-11-20
2024,"MINNESOTA","MN","27","33","US PRESIDENT","AYYADURAI, SHIVA","INDEPENDENT","OTHER",FALSE,"TOTAL",2885,3253920,"GEN",FALSE,FALSE,2025-11-20
2024,"MINNESOTA","MN","27","33","US PRESIDENT","WRITE-IN","WI","OTHER",TRUE,"TOTAL",13004,3253920,"GEN",FALSE,FALSE,2025-11-20
2024,"MISSOURI","MO","29","34","US PRESIDENT","TRUMP, DONALD J.","REPUBLICAN","REPUBLICAN",FALSE,"TOTAL",1751986,2995327,"GEN",FALSE,FALSE,2025-11-20
2024,"MISSOURI","MO","29","34","US PRESIDENT","HARRIS, KAMALA D.","DEMOCRATIC","DEMOCRAT",FALSE,"TOTAL",1200599,2995327,"GEN",FALSE,FALSE,2025-11-20
2024,"MISSOURI","MO","29","34","US PRESIDENT","OLIVER, CHASE","LIBERTARIAN","LIBERTARIAN",FALSE,"TOTAL",23876,2995327,"GEN",FALSE,FALSE,2025-11-20
2024,"MISSOURI","MO","29","34","US PRESIDENT","STEIN, JILL","GREEN","OTHER",FALSE,"TOTAL",17135,2995327,"GEN",FALSE,FALSE,2025-11-20
2024,"MISSOURI","MO","29","34","US PRESIDENT","PETER SONSKI LAUREN ONAK","WRITE-IN","OTHER",TRUE,"TOTAL",1069,2995327,"GEN",FALSE,FALSE,2025-11-20
2024,"MISSOURI","MO","29","34","US PRESIDENT","CLAUDIA DE LA CRUZ KARINA GARCIA","WRITE-IN","OTHER",TRUE,"TOTAL",618,2995327,"GEN",FALSE,FALSE,2025-11-20
2024,"MISSOURI","MO","29","34","US PRESIDENT","SHIVA AYYADURAI CRYSTAL ELLIS","WRITE-IN","OTHER",TRUE,"TOTAL",34,2995327,"GEN",FALSE,FALSE,2025-11-20
2024,"MISSOURI","MO","29","34","US PRESIDENT","FUTURE MADAM POTUS JESSICA KENNEDY","WRITE-IN","OTHER",TRUE,"TOTAL",10,2995327,"GEN",FALSE,FALSE,2025-11-20
2024,"MISSISSIPPI","MS","28","46","US PRESIDENT","HARRIS, KAMALA D.","","DEMOCRAT",FALSE,"TOTAL",466668,1228008,"GEN",FALSE,FALSE,2025-11-20
2024,"MISSISSIPPI","MS","28","46","US PRESIDENT","OLIVER, CHASE","","LIBERTARIAN",FALSE,"TOTAL",2536,1228008,"GEN",FALSE,FALSE,2025-11-20
2024,"MISSISSIPPI","MS","28","46","US PRESIDENT","STEIN, JILL","","OTHER",FALSE,"TOTAL",1873,1228008,"GEN",FALSE,FALSE,2025-11-20
2024,"MISSISSIPPI","MS","28","46","US PRESIDENT","TERRY, RANDALL","","OTHER",FALSE,"TOTAL",1030,1228008,"GEN",FALSE,FALSE,2025-11-20
2024,"MISSISSIPPI","MS","28","46","US PRESIDENT","TRUMP, DONALD J.","","REPUBLICAN",FALSE,"TOTAL",747744,1228008,"GEN",FALSE,FALSE,2025-11-20
2024,"MISSISSIPPI","MS","28","46","US PRESIDENT","AYYADURAI, SHIVA","","OTHER",FALSE,"TOTAL",688,1228008,"GEN",FALSE,FALSE,2025-11-20
2024,"MISSISSIPPI","MS","28","46","US PRESIDENT","DE LA CRUZ, CLAUDIA","","OTHER",FALSE,"TOTAL",1075,1228008,"GEN",FALSE,FALSE,2025-11-20
2024,"MISSISSIPPI","MS","28","46","US PRESIDENT","KENNEDY, ROBERT F. JR","","OTHER",FALSE,"TOTAL",5387,1228008,"GEN",FALSE,FALSE,2025-11-20
2024,"MISSISSIPPI","MS","28","46","US PRESIDENT","SONSKI, PETER","","OTHER",FALSE,"TOTAL",1007,1228008,"GEN",FALSE,FALSE,2025-11-20
2024,"MONTANA","MT","30","64","US PRESIDENT","TRUMP, DONALD J.","REPUBLICAN","REPUBLICAN",FALSE,"TOTAL",352079,602963,"GEN",FALSE,TRUE,2025-11-20
2024,"MONTANA","MT","30","64","US PRESIDENT","KENNEDY, ROBERT F. JR","WE THE PEOPLE","OTHER",FALSE,"TOTAL",11825,602963,"GEN",FALSE,TRUE,2025-11-20
2024,"MONTANA","MT","30","64","US PRESIDENT","HARRIS, KAMALA D.","DEMOCRAT","DEMOCRAT",FALSE,"TOTAL",231906,602963,"GEN",FALSE,TRUE,2025-11-20
2024,"MONTANA","MT","30","64","US PRESIDENT","OLIVER, CHASE","LIBERTARIAN","LIBERTARIAN",FALSE,"TOTAL",4275,602963,"GEN",FALSE,TRUE,2025-11-20
2024,"MONTANA","MT","30","64","US PRESIDENT","STEIN, JILL","GREEN","OTHER",FALSE,"TOTAL",2878,602963,"GEN",FALSE,TRUE,2025-11-20
2024,"NORTH CAROLINA","NC","37","47","US PRESIDENT","TRUMP, DONALD J.","REPUBLICAN","REPUBLICAN",FALSE,"TOTAL",2898423,5699141,"GEN",FALSE,FALSE,2025-11-20
2024,"NORTH CAROLINA","NC","37","47","US PRESIDENT","HARRIS, KAMALA D.","DEMOCRAT","DEMOCRAT",FALSE,"TOTAL",2715375,5699141,"GEN",FALSE,FALSE,2025-11-20
2024,"NORTH CAROLINA","NC","37","47","US PRESIDENT","STEIN, JILL","GREEN","OTHER",FALSE,"TOTAL",24762,5699141,"GEN",FALSE,FALSE,2025-11-20
2024,"NORTH CAROLINA","NC","37","47","US PRESIDENT","OLIVER, CHASE","LIBERTARIAN","LIBERTARIAN",FALSE,"TOTAL",22125,5699141,"GEN",FALSE,FALSE,2025-11-20
2024,"NORTH CAROLINA","NC","37","47","US PRESIDENT","WRITE-IN","","OTHER",TRUE,"TOTAL",18936,5699141,"GEN",FALSE,FALSE,2025-11-20
2024,"NORTH CAROLINA","NC","37","47","US PRESIDENT","WEST, CORNEL","JUSTICE FOR ALL","OTHER",FALSE,"TOTAL",12099,5699141,"GEN",FALSE,FALSE,2025-11-20
2024,"NORTH CAROLINA","NC","37","47","US PRESIDENT","TERRY, RANDALL","CONSTITUTION","OTHER",FALSE,"TOTAL",6863,5699141,"GEN",FALSE,FALSE,2025-11-20
2024,"NORTH CAROLINA","NC","37","47","US PRESIDENT","CLAUDIA DE LA CRUZ","","OTHER",TRUE,"TOTAL",528,5699141,"GEN",FALSE,FALSE,2025-11-20
2024,"NORTH CAROLINA","NC","37","47","US PRESIDENT","SHIVA AYYADURAI","","OTHER",TRUE,"TOTAL",30,5699141,"GEN",FALSE,FALSE,2025-11-20
2024,"NORTH DAKOTA","ND","38","36","US PRESIDENT","TRUMP, DONALD J.","REPUBLICAN","REPUBLICAN",FALSE,"TOTAL",246505,368155,"GEN",FALSE,FALSE,2025-11-20
2024,"NORTH DAKOTA","ND","38","36","US PRESIDENT","HARRIS, KAMALA D.","DEMOCRATIC-NPL","DEMOCRAT",FALSE,"TOTAL",112327,368155,"GEN",FALSE,FALSE,2025-11-20
2024,"NORTH DAKOTA","ND","38","36","US PRESIDENT","OLIVER, CHASE","LIBERTARIAN","LIBERTARIAN",FALSE,"TOTAL",6227,368155,"GEN",FALSE,FALSE,2025-11-20
2024,"NORTH DAKOTA","ND","38","36","US PRESIDENT","WRITE-IN","","OTHER",TRUE,"TOTAL",3096,368155,"GEN",FALSE,FALSE,2025-11-20
2024,"NEBRASKA","NE","31","35","US PRESIDENT","TRUMP, DONALD J.","REPUBLICAN","REPUBLICAN",FALSE,"TOTAL",564816,952182,"GEN",FALSE,FALSE,2025-11-20
2024,"NEBRASKA","NE","31","35","US PRESIDENT","HARRIS, KAMALA D.","DEMOCRATIC","DEMOCRAT",FALSE,"TOTAL",369995,952182,"GEN",FALSE,FALSE,2025-11-20
2024,"NEBRASKA","NE","31","35","US PRESIDENT","OLIVER, CHASE","LIBERTARIAN","LIBERTARIAN",FALSE,"TOTAL",6399,952182,"GEN",FALSE,FALSE,2025-11-20
2024,"NEBRASKA","NE","31","35","US PRESIDENT","WEST, CORNEL","LEGAL MARIJUANA NOW","OTHER",FALSE,"TOTAL",3062,952182,"GEN",FALSE,FALSE,2025-11-20
2024,"NEBRASKA","NE","31","35","US PRESIDENT","STEIN, JILL","BY PETITION","OTHER",FALSE,"TOTAL",2887,952182,"GEN",FALSE,FALSE,2025-11-20
2024,"NEBRASKA","NE","31","35","US PRESIDENT","WRITE-IN","","OTHER",TRUE,"TOTAL",5023,952182,"GEN",FALSE,FALSE,2025-11-20
2024,"NEW HAMPSHIRE","NH","33",NA,"US PRESIDENT","HARRIS, KAMALA D.","DEMOCRAT","DEMOCRAT",FALSE,"TOTAL",418488,831033,"GEN",FALSE,FALSE,2025-11-20
2024,"NEW HAMPSHIRE","NH","33",NA,"US PRESIDENT","TRUMP, DONALD J.","REPUBLICAN","REPUBLICAN",FALSE,"TOTAL",395523,831033,"GEN",FALSE,FALSE,2025-11-20
2024,"NEW HAMPSHIRE","NH","33",NA,"US PRESIDENT","OLIVER, CHASE","LIBERTARIAN","LIBERTARIAN",FALSE,"TOTAL",4425,831033,"GEN",FALSE,FALSE,2025-11-20
2024,"NEW HAMPSHIRE","NH","33",NA,"US PRESIDENT","STEIN, JILL","G","OTHER",FALSE,"TOTAL",3680,831033,"GEN",FALSE,FALSE,2025-11-20
2024,"NEW HAMPSHIRE","NH","33",NA,"US PRESIDENT","UNDERVOTES","","OTHER",FALSE,"TOTAL",4482,831033,"GEN",FALSE,FALSE,2025-11-20
2024,"NEW HAMPSHIRE","NH","33",NA,"US PRESIDENT","OVERVOTES","","OTHER",FALSE,"TOTAL",362,831033,"GEN",FALSE,FALSE,2025-11-20
2024,"NEW HAMPSHIRE","NH","33",NA,"US PRESIDENT","WRITE-IN","","OTHER",TRUE,"TOTAL",4073,831033,"GEN",FALSE,FALSE,2025-11-20
2024,"NEW JERSEY","NJ","34","12","US PRESIDENT","HARRIS, KAMALA D.","DEMOCRATIC","DEMOCRAT",FALSE,"TOTAL",2220713,4272725,"GEN",FALSE,FALSE,2025-11-20
2024,"NEW JERSEY","NJ","34","12","US PRESIDENT","TRUMP, DONALD J.","REPUBLICAN","REPUBLICAN",FALSE,"TOTAL",1968215,4272725,"GEN",FALSE,FALSE,2025-11-20
2024,"NEW JERSEY","NJ","34","12","US PRESIDENT","STEIN, JILL","GREEN PARTY","OTHER",FALSE,"TOTAL",39041,4272725,"GEN",FALSE,FALSE,2025-11-20
2024,"NEW JERSEY","NJ","34","12","US PRESIDENT","KENNEDY, ROBERT F. JR","INDEPENDENT","OTHER",FALSE,"TOTAL",23479,4272725,"GEN",FALSE,FALSE,2025-11-20
2024,"NEW JERSEY","NJ","34","12","US PRESIDENT","OLIVER, CHASE","LIBERTARIAN PARTY","LIBERTARIAN",FALSE,"TOTAL",10500,4272725,"GEN",FALSE,FALSE,2025-11-20
2024,"NEW JERSEY","NJ","34","12","US PRESIDENT","DE LA CRUZ, CLAUDIA","SOCIALISM AND LIBERATION","OTHER",FALSE,"TOTAL",5105,4272725,"GEN",FALSE,FALSE,2025-11-20
2024,"NEW JERSEY","NJ","34","12","US PRESIDENT","TERRY, RANDALL","U.S. CONSTITUTION PARTY","OTHER",FALSE,"TOTAL",3024,4272725,"GEN",FALSE,FALSE,2025-11-20
2024,"NEW JERSEY","NJ","34","12","US PRESIDENT","KISHORE, JOSEPH","SOCIALIST EQUALITY","OTHER",FALSE,"TOTAL",1371,4272725,"GEN",FALSE,FALSE,2025-11-20
2024,"NEW JERSEY","NJ","34","12","US PRESIDENT","FRUIT, RACHELE","SOCIALIST WORKERS PARTY","OTHER",FALSE,"TOTAL",1277,4272725,"GEN",FALSE,FALSE,2025-11-20
2024,"NEW MEXICO","NM","35","66","US PRESIDENT","HARRIS, KAMALA D.","DEMOCRAT","DEMOCRAT",FALSE,"TOTAL",478802,923403,"GEN",FALSE,FALSE,2025-11-20
2024,"NEW MEXICO","NM","35","66","US PRESIDENT","EBKE, LAURA","LIBERTARIAN","OTHER",FALSE,"TOTAL",859,923403,"GEN",FALSE,FALSE,2025-11-20
2024,"NEW MEXICO","NM","35","66","US PRESIDENT","KENNEDY, ROBERT F. JR","INDEPENDENT","OTHER",FALSE,"TOTAL",9553,923403,"GEN",FALSE,FALSE,2025-11-20
2024,"NEW MEXICO","NM","35","66","US PRESIDENT","OLIVER, CHASE","LIBERTARIAN","LIBERTARIAN",FALSE,"TOTAL",3745,923403,"GEN",FALSE,FALSE,2025-11-20
2024,"NEW MEXICO","NM","35","66","US PRESIDENT","STEIN, JILL","GREEN","OTHER",FALSE,"TOTAL",4611,923403,"GEN",FALSE,FALSE,2025-11-20
2024,"NEW MEXICO","NM","35","66","US PRESIDENT","TRUMP, DONALD J.","REPUBLICAN","REPUBLICAN",FALSE,"TOTAL",423391,923403,"GEN",FALSE,FALSE,2025-11-20
2024,"NEW MEXICO","NM","35","66","US PRESIDENT","DE LA CRUZ, CLAUDIA","PSL","OTHER",FALSE,"TOTAL",2442,923403,"GEN",FALSE,FALSE,2025-11-20
2024,"NEVADA","NV","32","65","US PRESIDENT","HARRIS, KAMALA D.","","DEMOCRAT",FALSE,"TOTAL",705197,1484840,"GEN",FALSE,FALSE,2025-11-20
2024,"NEVADA","NV","32","65","US PRESIDENT","OLIVER, CHASE","","LIBERTARIAN",FALSE,"TOTAL",6059,1484840,"GEN",FALSE,FALSE,2025-11-20
2024,"NEVADA","NV","32","65","US PRESIDENT","SKOUSEN, JOEL","","OTHER",FALSE,"TOTAL",2754,1484840,"GEN",FALSE,FALSE,2025-11-20
2024,"NEVADA","NV","32","65","US PRESIDENT","TRUMP, DONALD J.","","REPUBLICAN",FALSE,"TOTAL",751205,1484840,"GEN",FALSE,FALSE,2025-11-20
2024,"NEVADA","NV","32","65","US PRESIDENT","NONE OF THESE CANDIDATES","","OTHER",FALSE,"TOTAL",19625,1484840,"GEN",FALSE,FALSE,2025-11-20
2024,"NEW YORK","NY","36","13","US PRESIDENT","HARRIS, KAMALA D.","WORKING FAMILIES / DEMOCRAT","DEMOCRAT",FALSE,"TOTAL",4619195,8381429,"GEN",FALSE,FALSE,2025-11-20
2024,"NEW YORK","NY","36","13","US PRESIDENT","TRUMP, DONALD J.","CONSTITUTION / REPUBLICAN","REPUBLICAN",FALSE,"TOTAL",3578899,8381429,"GEN",FALSE,FALSE,2025-11-20
2024,"NEW YORK","NY","36","13","US PRESIDENT","SHIVA AYYADURAI","WRITE-IN","OTHER",TRUE,"TOTAL",134,8381429,"GEN",FALSE,FALSE,2025-11-20
2024,"NEW YORK","NY","36","13","US PRESIDENT","CLAUDIA DE LA CRUZ","WRITE-IN","OTHER",TRUE,"TOTAL",6327,8381429,"GEN",FALSE,FALSE,2025-11-20
2024,"NEW YORK","NY","36","13","US PRESIDENT","CHRIS GARRITY","WRITE-IN","OTHER",TRUE,"TOTAL",108,8381429,"GEN",FALSE,FALSE,2025-11-20
2024,"NEW YORK","NY","36","13","US PRESIDENT","GARRY HUBBARD","WRITE-IN","OTHER",TRUE,"TOTAL",6,8381429,"GEN",FALSE,FALSE,2025-11-20
2024,"NEW YORK","NY","36","13","US PRESIDENT","ANDRE RAMON MCNEIL SR","WRITE-IN","OTHER",TRUE,"TOTAL",5,8381429,"GEN",FALSE,FALSE,2025-11-20
2024,"NEW YORK","NY","36","13","US PRESIDENT","ANDREW O'DONNELL","WRITE-IN","OTHER",TRUE,"TOTAL",20,8381429,"GEN",FALSE,FALSE,2025-11-20
2024,"NEW YORK","NY","36","13","US PRESIDENT","CHASE OLIVER","WRITE-IN","OTHER",TRUE,"TOTAL",5338,8381429,"GEN",FALSE,FALSE,2025-11-20
2024,"NEW YORK","NY","36","13","US PRESIDENT","FUTURE MADAM POTUS","WRITE-IN","OTHER",TRUE,"TOTAL",18,8381429,"GEN",FALSE,FALSE,2025-11-20
2024,"NEW YORK","NY","36","13","US PRESIDENT","RAYMOND ANTHONY SCOLLIN","WRITE-IN","OTHER",TRUE,"TOTAL",51,8381429,"GEN",FALSE,FALSE,2025-11-20
2024,"NEW YORK","NY","36","13","US PRESIDENT","PETER SONSKI","WRITE-IN","OTHER",TRUE,"TOTAL",1544,8381429,"GEN",FALSE,FALSE,2025-11-20
2024,"NEW YORK","NY","36","13","US PRESIDENT","JILL STEIN","WRITE-IN","OTHER",TRUE,"TOTAL",46703,8381429,"GEN",FALSE,FALSE,2025-11-20
2024,"NEW YORK","NY","36","13","US PRESIDENT","CORNEL WEST","WRITE-IN","OTHER",TRUE,"TOTAL",4152,8381429,"GEN",FALSE,FALSE,2025-11-20
2024,"NEW YORK","NY","36","13","US PRESIDENT","UNDERVOTES","","OTHER",FALSE,"TOTAL",71560,8381429,"GEN",FALSE,FALSE,2025-11-20
2024,"NEW YORK","NY","36","13","US PRESIDENT","VOID","","OTHER",FALSE,"TOTAL",46395,8381429,"GEN",FALSE,FALSE,2025-11-20
2024,"NEW YORK","NY","36","13","US PRESIDENT","SCATTERING","","OTHER",TRUE,"TOTAL",100,8381429,"GEN",FALSE,FALSE,2025-11-20
2024,"OHIO","OH","39","24","US PRESIDENT","SHIVA AYYADURAI AND CRYSTAL ELLIS","","OTHER",TRUE,"TOTAL",74,5767788,"GEN",FALSE,FALSE,2025-11-20
2024,"OHIO","OH","39","24","US PRESIDENT","JAY BOWMAN AND DE D BOWMAN","","OTHER",TRUE,"TOTAL",7,5767788,"GEN",FALSE,FALSE,2025-11-20
2024,"OHIO","OH","39","24","US PRESIDENT","JOHN CHENG AND WAYNE WALIGORSKI","","OTHER",TRUE,"TOTAL",24,5767788,"GEN",FALSE,FALSE,2025-11-20
2024,"OHIO","OH","39","24","US PRESIDENT","CLAUDIA DE LA CRUZ AND KARINA GARCIA","","OTHER",TRUE,"TOTAL",1794,5767788,"GEN",FALSE,FALSE,2025-11-20
2024,"OHIO","OH","39","24","US PRESIDENT","DUNCAN, RICHARD","","OTHER",FALSE,"TOTAL",12805,5767788,"GEN",FALSE,FALSE,2025-11-20
2024,"OHIO","OH","39","24","US PRESIDENT","CHERUNDA FOX AND HARLAN MCVAY","","OTHER",TRUE,"TOTAL",0,5767788,"GEN",FALSE,FALSE,2025-11-20
2024,"OHIO","OH","39","24","US PRESIDENT","CHRIS GARRITY AND CODY BALLARD","","OTHER",TRUE,"TOTAL",13,5767788,"GEN",FALSE,FALSE,2025-11-20
2024,"OHIO","OH","39","24","US PRESIDENT","HARRIS, KAMALA D.","DEMOCRAT","DEMOCRAT",FALSE,"TOTAL",2533699,5767788,"GEN",FALSE,FALSE,2025-11-20
2024,"OHIO","OH","39","24","US PRESIDENT","BRIAN KIENITZ AND CHRISTINA JOHNSTON","","OTHER",TRUE,"TOTAL",4,5767788,"GEN",FALSE,FALSE,2025-11-20
2024,"OHIO","OH","39","24","US PRESIDENT","WILLIAM NALBACH AND WILLIS BUTTS","","OTHER",TRUE,"TOTAL",3,5767788,"GEN",FALSE,FALSE,2025-11-20
2024,"OHIO","OH","39","24","US PRESIDENT","OLIVER, CHASE","LIBERTARIAN","LIBERTARIAN",FALSE,"TOTAL",28200,5767788,"GEN",FALSE,FALSE,2025-11-20
2024,"OHIO","OH","39","24","US PRESIDENT","SONSKI, PETER","","OTHER",FALSE,"TOTAL",10197,5767788,"GEN",FALSE,FALSE,2025-11-20
2024,"OHIO","OH","39","24","US PRESIDENT","TRUMP, DONALD J.","REPUBLICAN","REPUBLICAN",FALSE,"TOTAL",3180116,5767788,"GEN",FALSE,FALSE,2025-11-20
2024,"OHIO","OH","39","24","US PRESIDENT","CORNEL WEST AND MELINA ABDULLAH","","OTHER",TRUE,"TOTAL",852,5767788,"GEN",FALSE,FALSE,2025-11-20
2024,"OKLAHOMA","OK","40","53","US PRESIDENT","OLIVER, CHASE","LIBERTARIAN","LIBERTARIAN",FALSE,"TOTAL",9198,1566173,"GEN",FALSE,FALSE,2025-11-20
2024,"OKLAHOMA","OK","40","53","US PRESIDENT","TRUMP, DONALD J.","REPUBLICAN","REPUBLICAN",FALSE,"TOTAL",1036213,1566173,"GEN",FALSE,FALSE,2025-11-20
2024,"OKLAHOMA","OK","40","53","US PRESIDENT","HARRIS, KAMALA D.","DEMOCRAT","DEMOCRAT",FALSE,"TOTAL",499599,1566173,"GEN",FALSE,FALSE,2025-11-20
2024,"OKLAHOMA","OK","40","53","US PRESIDENT","KENNEDY, ROBERT F. JR","INDEPENDENT","OTHER",FALSE,"TOTAL",16020,1566173,"GEN",FALSE,FALSE,2025-11-20
2024,"OKLAHOMA","OK","40","53","US PRESIDENT","GARRITY, CHRIS","INDEPENDENT","OTHER",FALSE,"TOTAL",5143,1566173,"GEN",FALSE,FALSE,2025-11-20
2024,"OREGON","OR","41","72","US PRESIDENT","KENNEDY, ROBERT F. JR","WE THE PEOPLE","OTHER",FALSE,"TOTAL",33733,2244493,"GEN",FALSE,FALSE,2025-11-20
2024,"OREGON","OR","41","72","US PRESIDENT","WEST, CORNEL","PROGRESSIVE","OTHER",FALSE,"TOTAL",5644,2244493,"GEN",FALSE,FALSE,2025-11-20
2024,"OREGON","OR","41","72","US PRESIDENT","OLIVER, CHASE","LIBERTARIAN","LIBERTARIAN",FALSE,"TOTAL",9061,2244493,"GEN",FALSE,FALSE,2025-11-20
2024,"OREGON","OR","41","72","US PRESIDENT","TERRY, RANDALL","CONSTITUTION","OTHER",FALSE,"TOTAL",1850,2244493,"GEN",FALSE,FALSE,2025-11-20
2024,"OREGON","OR","41","72","US PRESIDENT","TRUMP, DONALD J.","REPUBLICAN","REPUBLICAN",FALSE,"TOTAL",919480,2244493,"GEN",FALSE,FALSE,2025-11-20
2024,"OREGON","OR","41","72","US PRESIDENT","STEIN, JILL","PACIFIC GREEN","OTHER",FALSE,"TOTAL",19099,2244493,"GEN",FALSE,FALSE,2025-11-20
2024,"OREGON","OR","41","72","US PRESIDENT","HARRIS, KAMALA D.","DEMOCRAT","DEMOCRAT",FALSE,"TOTAL",1240600,2244493,"GEN",FALSE,FALSE,2025-11-20
2024,"OREGON","OR","41","72","US PRESIDENT","WRITE-IN","","OTHER",TRUE,"TOTAL",15026,2244493,"GEN",FALSE,FALSE,2025-11-20
2024,"PENNSYLVANIA","PA","42","14","US PRESIDENT","HARRIS, KAMALA D.","DEMOCRAT","DEMOCRAT",FALSE,"TOTAL",3423042,7034206,"GEN",FALSE,FALSE,2025-11-20
2024,"PENNSYLVANIA","PA","42","14","US PRESIDENT","TRUMP, DONALD J.","REPUBLICAN","REPUBLICAN",FALSE,"TOTAL",3543308,7034206,"GEN",FALSE,FALSE,2025-11-20
2024,"PENNSYLVANIA","PA","42","14","US PRESIDENT","OLIVER, CHASE","LIBERTARIAN","LIBERTARIAN",FALSE,"TOTAL",33318,7034206,"GEN",FALSE,FALSE,2025-11-20
2024,"PENNSYLVANIA","PA","42","14","US PRESIDENT","STEIN, JILL","GREEN","OTHER",FALSE,"TOTAL",34538,7034206,"GEN",FALSE,FALSE,2025-11-20
2024,"RHODE ISLAND","RI","44","05","US PRESIDENT","HARRIS, KAMALA D.","DEMOCRAT","DEMOCRAT",FALSE,"TOTAL",285156,513086,"GEN",FALSE,FALSE,2025-11-20
2024,"RHODE ISLAND","RI","44","05","US PRESIDENT","TRUMP, DONALD J.","REPUBLICAN","REPUBLICAN",FALSE,"TOTAL",214406,513086,"GEN",FALSE,FALSE,2025-11-20
2024,"RHODE ISLAND","RI","44","05","US PRESIDENT","KENNEDY, ROBERT F. JR","KENNEDY","OTHER",FALSE,"TOTAL",5045,513086,"GEN",FALSE,FALSE,2025-11-20
2024,"RHODE ISLAND","RI","44","05","US PRESIDENT","STEIN, JILL","GREEN","OTHER",FALSE,"TOTAL",2900,513086,"GEN",FALSE,FALSE,2025-11-20
2024,"RHODE ISLAND","RI","44","05","US PRESIDENT","WRITE-IN","","OTHER",TRUE,"TOTAL",2727,513086,"GEN",FALSE,FALSE,2025-11-20
2024,"RHODE ISLAND","RI","44","05","US PRESIDENT","OLIVER, CHASE","LIBERTARIAN","LIBERTARIAN",FALSE,"TOTAL",1617,513086,"GEN",FALSE,FALSE,2025-11-20
2024,"RHODE ISLAND","RI","44","05","US PRESIDENT","DE LA CRUZ, CLAUDIA","SOCIALISM AND LIBERATION","OTHER",FALSE,"TOTAL",1176,513086,"GEN",FALSE,FALSE,2025-11-20
2024,"RHODE ISLAND","RI","44","05","US PRESIDENT","WELLS, ROBERT","PARTY","OTHER",FALSE,"TOTAL",59,513086,"GEN",FALSE,FALSE,2025-11-20
2024,"SOUTH CAROLINA","SC","45","48","US PRESIDENT","TERRY, RANDALL","CONSTITUTION","OTHER",FALSE,"TOTAL",5352,2548140,"GEN",FALSE,FALSE,2025-11-20
2024,"SOUTH CAROLINA","SC","45","48","US PRESIDENT","WEST, CORNEL","UNAFFILIATED","OTHER",FALSE,"TOTAL",6744,2548140,"GEN",FALSE,FALSE,2025-11-20
2024,"SOUTH CAROLINA","SC","45","48","US PRESIDENT","STEIN, JILL","GREEN","OTHER",FALSE,"TOTAL",8117,2548140,"GEN",FALSE,FALSE,2025-11-20
2024,"SOUTH CAROLINA","SC","45","48","US PRESIDENT","TRUMP, DONALD J.","REPUBLICAN","REPUBLICAN",FALSE,"TOTAL",1483747,2548140,"GEN",FALSE,FALSE,2025-11-20
2024,"SOUTH CAROLINA","SC","45","48","US PRESIDENT","OLIVER, CHASE","LIBERTARIAN","LIBERTARIAN",FALSE,"TOTAL",12669,2548140,"GEN",FALSE,FALSE,2025-11-20
2024,"SOUTH CAROLINA","SC","45","48","US PRESIDENT","HARRIS, KAMALA D.","DEMOCRAT","DEMOCRAT",FALSE,"TOTAL",1028452,2548140,"GEN",FALSE,FALSE,2025-11-20
2024,"SOUTH CAROLINA","SC","45","48","US PRESIDENT","DE LA CRUZ, CLAUDIA","WORKERS PARTY","OTHER",FALSE,"TOTAL",3059,2548140,"GEN",FALSE,FALSE,2025-11-20
2024,"SOUTH DAKOTA","SD","46","37","US PRESIDENT","HARRIS, KAMALA D.","","DEMOCRAT",FALSE,"TOTAL",146859,428922,"GEN",FALSE,TRUE,2025-11-20
2024,"SOUTH DAKOTA","SD","46","37","US PRESIDENT","KENNEDY, ROBERT F. JR","","OTHER",FALSE,"TOTAL",7204,428922,"GEN",FALSE,TRUE,2025-11-20
2024,"SOUTH DAKOTA","SD","46","37","US PRESIDENT","OLIVER, CHASE","","LIBERTARIAN",FALSE,"TOTAL",2778,428922,"GEN",FALSE,TRUE,2025-11-20
2024,"SOUTH DAKOTA","SD","46","37","US PRESIDENT","TRUMP, DONALD J.","","REPUBLICAN",FALSE,"TOTAL",272081,428922,"GEN",FALSE,TRUE,2025-11-20
2024,"TENNESSEE","TN","47","54","US PRESIDENT","TRUMP, DONALD J.","REPUBLICAN","REPUBLICAN",FALSE,"TOTAL",1966865,3063942,"GEN",FALSE,FALSE,2025-11-20
2024,"TENNESSEE","TN","47","54","US PRESIDENT","HARRIS, KAMALA D.","DEMOCRATIC","DEMOCRAT",FALSE,"TOTAL",1056265,3063942,"GEN",FALSE,FALSE,2025-11-20
2024,"TENNESSEE","TN","47","54","US PRESIDENT","BOWMAN, JAY J.","INDEPENDENT","OTHER",FALSE,"TOTAL",5865,3063942,"GEN",FALSE,FALSE,2025-11-20
2024,"TENNESSEE","TN","47","54","US PRESIDENT","DE LA CRUZ, CLAUDIA","INDEPENDENT","OTHER",FALSE,"TOTAL",3457,3063942,"GEN",FALSE,FALSE,2025-11-20
2024,"TENNESSEE","TN","47","54","US PRESIDENT","FRUIT, RACHELE","INDEPENDENT","OTHER",FALSE,"TOTAL",988,3063942,"GEN",FALSE,FALSE,2025-11-20
2024,"TENNESSEE","TN","47","54","US PRESIDENT","KENNEDY, ROBERT F. JR","INDEPENDENT","OTHER",FALSE,"TOTAL",21535,3063942,"GEN",FALSE,FALSE,2025-11-20
2024,"TENNESSEE","TN","47","54","US PRESIDENT","STEIN, JILL","INDEPENDENT","OTHER",FALSE,"TOTAL",8967,3063942,"GEN",FALSE,FALSE,2025-11-20
2024,"TEXAS","TX","48","49","US PRESIDENT","TRUMP, DONALD J.","REPUBLICAN","REPUBLICAN",FALSE,"TOTAL",6393597,11388674,"GEN",FALSE,FALSE,2025-11-20
2024,"TEXAS","TX","48","49","US PRESIDENT","HARRIS, KAMALA D.","DEMOCRAT","DEMOCRAT",FALSE,"TOTAL",4835250,11388674,"GEN",FALSE,FALSE,2025-11-20
2024,"TEXAS","TX","48","49","US PRESIDENT","OLIVER, CHASE","LIBERTARIAN","LIBERTARIAN",FALSE,"TOTAL",68557,11388674,"GEN",FALSE,FALSE,2025-11-20
2024,"TEXAS","TX","48","49","US PRESIDENT","STEIN, JILL","GREEN","OTHER",FALSE,"TOTAL",82701,11388674,"GEN",FALSE,FALSE,2025-11-20
2024,"TEXAS","TX","48","49","US PRESIDENT","SHIVA AYYADURAI/CRYSTAL ELLIS","WRITE-IN","OTHER",TRUE,"TOTAL",433,11388674,"GEN",FALSE,FALSE,2025-11-20
2024,"TEXAS","TX","48","49","US PRESIDENT","JESSIE CUELLAR/WESLEY LASLEY","WRITE-IN","OTHER",TRUE,"TOTAL",98,11388674,"GEN",FALSE,FALSE,2025-11-20
2024,"TEXAS","TX","48","49","US PRESIDENT","CLAUDIA DE LA CRUZ/KARINA GARCIA","WRITE-IN","OTHER",TRUE,"TOTAL",2374,11388674,"GEN",FALSE,FALSE,2025-11-20
2024,"TEXAS","TX","48","49","US PRESIDENT","CHERUNDA FOX/HARLAN MCVAY","WRITE-IN","OTHER",TRUE,"TOTAL",26,11388674,"GEN",FALSE,FALSE,2025-11-20
2024,"TEXAS","TX","48","49","US PRESIDENT","PETER SONSKI/LAUREN ONAK","WRITE-IN","OTHER",TRUE,"TOTAL",3780,11388674,"GEN",FALSE,FALSE,2025-11-20
2024,"TEXAS","TX","48","49","US PRESIDENT","CORNEL WEST/MELINA ABDULLAH","WRITE-IN","OTHER",TRUE,"TOTAL",1858,11388674,"GEN",FALSE,FALSE,2025-11-20
2024,"UTAH","UT","49","67","US PRESIDENT","WEST, CORNEL","UNAFFILIATED","OTHER",FALSE,"TOTAL",2199,1488494,"GEN",FALSE,FALSE,2025-11-20
2024,"UTAH","UT","49","67","US PRESIDENT","EVERYLOVE, LUCIFER ""JUSTIN CASE""","UNAFFILIATED","OTHER",FALSE,"TOTAL",2653,1488494,"GEN",FALSE,FALSE,2025-11-20
2024,"UTAH","UT","49","67","US PRESIDENT","SKOUSEN, JOEL","CONSTITUTION","OTHER",FALSE,"TOTAL",8402,1488494,"GEN",FALSE,FALSE,2025-11-20
2024,"UTAH","UT","49","67","US PRESIDENT","STEIN, JILL","GREEN","OTHER",FALSE,"TOTAL",8222,1488494,"GEN",FALSE,FALSE,2025-11-20
2024,"UTAH","UT","49","67","US PRESIDENT","TRUMP, DONALD J.","REPUBLICAN","REPUBLICAN",FALSE,"TOTAL",883818,1488494,"GEN",FALSE,FALSE,2025-11-20
2024,"UTAH","UT","49","67","US PRESIDENT","OLIVER, CHASE","LIBERTARIAN","LIBERTARIAN",FALSE,"TOTAL",16902,1488494,"GEN",FALSE,FALSE,2025-11-20
2024,"UTAH","UT","49","67","US PRESIDENT","HARRIS, KAMALA D.","DEMOCRATIC","DEMOCRAT",FALSE,"TOTAL",562566,1488494,"GEN",FALSE,FALSE,2025-11-20
2024,"UTAH","UT","49","67","US PRESIDENT","DE LA CRUZ, CLAUDIA","UNAFFILIATED","OTHER",FALSE,"TOTAL",3189,1488494,"GEN",FALSE,FALSE,2025-11-20
2024,"UTAH","UT","49","67","US PRESIDENT","FUTURE MADAM POTUS","UNAFFILIATED","OTHER",TRUE,"TOTAL",9,1488494,"GEN",FALSE,FALSE,2025-11-20
2024,"UTAH","UT","49","67","US PRESIDENT","PETER SONSKI / LAUREN MICHELLE ONAK","UNAFFILIATED","OTHER",TRUE,"TOTAL",441,1488494,"GEN",FALSE,FALSE,2025-11-20
2024,"UTAH","UT","49","67","US PRESIDENT","JAY J BOWMAN / DE D. BOWMAN","UNAFFILIATED","OTHER",TRUE,"TOTAL",59,1488494,"GEN",FALSE,FALSE,2025-11-20
2024,"UTAH","UT","49","67","US PRESIDENT","STEVE M. JOHNSON","UNAFFILIATED","OTHER",TRUE,"TOTAL",33,1488494,"GEN",FALSE,FALSE,2025-11-20
2024,"UTAH","UT","49","67","US PRESIDENT","ANDRE RAMON MC NEIL","UNAFFILIATED","OTHER",TRUE,"TOTAL",1,1488494,"GEN",FALSE,FALSE,2025-11-20
2024,"UTAH","UT","49","67","US PRESIDENT","SHONDRA YEVETTE IRVING","UNAFFILIATED","OTHER",TRUE,"TOTAL",0,1488494,"GEN",FALSE,FALSE,2025-11-20
2024,"UTAH","UT","49","67","US PRESIDENT","BUDDIE ARDEN WILKERSON","UNAFFILIATED","OTHER",TRUE,"TOTAL",0,1488494,"GEN",FALSE,FALSE,2025-11-20
2024,"VIRGINIA","VA","51","40","US PRESIDENT","HARRIS, KAMALA D.","DEMOCRATIC","DEMOCRAT",FALSE,"TOTAL",2333778,4503288,"GEN",FALSE,FALSE,2025-11-20
2024,"VIRGINIA","VA","51","40","US PRESIDENT","TRUMP, DONALD J.","REPUBLICAN","REPUBLICAN",FALSE,"TOTAL",2074097,4503288,"GEN",FALSE,FALSE,2025-11-20
2024,"VIRGINIA","VA","51","40","US PRESIDENT","STEIN, JILL","GREEN","OTHER",FALSE,"TOTAL",34880,4503288,"GEN",FALSE,FALSE,2025-11-20
2024,"VIRGINIA","VA","51","40","US PRESIDENT","OLIVER, CHASE","LIBERTARIAN","LIBERTARIAN",FALSE,"TOTAL",19802,4503288,"GEN",FALSE,FALSE,2025-11-20
2024,"VIRGINIA","VA","51","40","US PRESIDENT","DE LA CRUZ, CLAUDIA","INDEPENDENT","OTHER",FALSE,"TOTAL",8408,4503288,"GEN",FALSE,FALSE,2025-11-20
2024,"VIRGINIA","VA","51","40","US PRESIDENT","WEST, CORNEL","INDEPENDENT","OTHER",FALSE,"TOTAL",8975,4503288,"GEN",FALSE,FALSE,2025-11-20
2024,"VIRGINIA","VA","51","40","US PRESIDENT","WRITE-IN","","OTHER",TRUE,"TOTAL",23348,4503288,"GEN",FALSE,FALSE,2025-11-20
2024,"VERMONT","VT","50","06","US PRESIDENT","HARRIS, KAMALA D.","","DEMOCRAT",FALSE,"TOTAL",235791,372885,"GEN",FALSE,FALSE,2025-11-20
2024,"VERMONT","VT","50","06","US PRESIDENT","TRUMP, DONALD J.","","REPUBLICAN",FALSE,"TOTAL",119395,372885,"GEN",FALSE,FALSE,2025-11-20
2024,"VERMONT","VT","50","06","US PRESIDENT","KENNEDY, ROBERT F. JR","","OTHER",FALSE,"TOTAL",5905,372885,"GEN",FALSE,FALSE,2025-11-20
2024,"VERMONT","VT","50","06","US PRESIDENT","OLIVER, CHASE","","LIBERTARIAN",FALSE,"TOTAL",1828,372885,"GEN",FALSE,FALSE,2025-11-20
2024,"VERMONT","VT","50","06","US PRESIDENT","DE LA CRUZ, CLAUDIA","","OTHER",FALSE,"TOTAL",1710,372885,"GEN",FALSE,FALSE,2025-11-20
2024,"VERMONT","VT","50","06","US PRESIDENT","WEST, CORNEL","","OTHER",FALSE,"TOTAL",1549,372885,"GEN",FALSE,FALSE,2025-11-20
2024,"VERMONT","VT","50","06","US PRESIDENT","FRUIT, RACHELE","","OTHER",FALSE,"TOTAL",211,372885,"GEN",FALSE,FALSE,2025-11-20
2024,"VERMONT","VT","50","06","US PRESIDENT","WRITE-IN","","OTHER",TRUE,"TOTAL",3033,372885,"GEN",FALSE,FALSE,2025-11-20
2024,"VERMONT","VT","50","06","US PRESIDENT","UNDERVOTES","","OTHER",FALSE,"TOTAL",3195,372885,"GEN",FALSE,FALSE,2025-11-20
2024,"VERMONT","VT","50","06","US PRESIDENT","SPOILED","","OTHER",FALSE,"TOTAL",268,372885,"GEN",FALSE,FALSE,2025-11-20
2024,"WASHINGTON","WA","53","73","US PRESIDENT","HARRIS, KAMALA D.","DEMOCRATIC PARTY NOMINEES","DEMOCRAT",FALSE,"TOTAL",2245849,3924243,"GEN",FALSE,TRUE,2025-11-20
2024,"WASHINGTON","WA","53","73","US PRESIDENT","TRUMP, DONALD J.","REPUBLICAN","REPUBLICAN",FALSE,"TOTAL",1530923,3924243,"GEN",FALSE,TRUE,2025-11-20
2024,"WASHINGTON","WA","53","73","US PRESIDENT","KENNEDY, ROBERT F. JR","WE THE PEOPLE","OTHER",FALSE,"TOTAL",54868,3924243,"GEN",FALSE,TRUE,2025-11-20
2024,"WASHINGTON","WA","53","73","US PRESIDENT","STEIN, JILL","GREEN","OTHER",FALSE,"TOTAL",29754,3924243,"GEN",FALSE,TRUE,2025-11-20
2024,"WASHINGTON","WA","53","73","US PRESIDENT","DE LA CRUZ, CLAUDIA","SOCIALISM AND LIBERATION PARTY NOMINEES","OTHER",FALSE,"TOTAL",8695,3924243,"GEN",FALSE,TRUE,2025-11-20
2024,"WASHINGTON","WA","53","73","US PRESIDENT","FRUIT, RACHELE","SOCIALIST WORKERS PARTY NOMINEES","OTHER",FALSE,"TOTAL",824,3924243,"GEN",FALSE,TRUE,2025-11-20
2024,"WASHINGTON","WA","53","73","US PRESIDENT","KISHORE, JOSEPH","SOCIALIST EQUALITY PARTY NOMINEES","OTHER",FALSE,"TOTAL",917,3924243,"GEN",FALSE,TRUE,2025-11-20
2024,"WASHINGTON","WA","53","73","US PRESIDENT","OLIVER, CHASE","LIBERTARIAN","LIBERTARIAN",FALSE,"TOTAL",16428,3924243,"GEN",FALSE,TRUE,2025-11-20
2024,"WASHINGTON","WA","53","73","US PRESIDENT","WEST, CORNEL","JUSTICE FOR ALL","OTHER",FALSE,"TOTAL",7254,3924243,"GEN",FALSE,TRUE,2025-11-20
2024,"WASHINGTON","WA","53","73","US PRESIDENT","AYYADURAI, SHIVA","INDEPENDENT CANDIDATES","OTHER",FALSE,"TOTAL",3323,3924243,"GEN",FALSE,TRUE,2025-11-20
2024,"WASHINGTON","WA","53","73","US PRESIDENT","WRITE-IN","","OTHER",TRUE,"TOTAL",25408,3924243,"GEN",FALSE,TRUE,2025-11-20
2024,"WISCONSIN","WI","55","25","US PRESIDENT","HARRIS, KAMALA D.","DEMOCRAT","DEMOCRAT",FALSE,"TOTAL",1668229,3422918,"GEN",FALSE,FALSE,2025-11-20
2024,"WISCONSIN","WI","55","25","US PRESIDENT","TRUMP, DONALD J.","REPUBLICAN","REPUBLICAN",FALSE,"TOTAL",1697626,3422918,"GEN",FALSE,FALSE,2025-11-20
2024,"WISCONSIN","WI","55","25","US PRESIDENT","TERRY, RANDALL","CONSTITUTION","OTHER",FALSE,"TOTAL",4044,3422918,"GEN",FALSE,FALSE,2025-11-20
2024,"WISCONSIN","WI","55","25","US PRESIDENT","OLIVER, CHASE","LIBERTARIAN","LIBERTARIAN",FALSE,"TOTAL",10511,3422918,"GEN",FALSE,FALSE,2025-11-20
2024,"WISCONSIN","WI","55","25","US PRESIDENT","STEIN, JILL","WISCONSIN GREEN","OTHER",FALSE,"TOTAL",12275,3422918,"GEN",FALSE,FALSE,2025-11-20
2024,"WISCONSIN","WI","55","25","US PRESIDENT","DE LA CRUZ, CLAUDIA","NO PARTY","OTHER",FALSE,"TOTAL",2035,3422918,"GEN",FALSE,FALSE,2025-11-20
2024,"WISCONSIN","WI","55","25","US PRESIDENT","WEST, CORNEL","NO PARTY","OTHER",FALSE,"TOTAL",2753,3422918,"GEN",FALSE,FALSE,2025-11-20
2024,"WISCONSIN","WI","55","25","US PRESIDENT","KENNEDY, ROBERT F. JR","NO PARTY","OTHER",FALSE,"TOTAL",17740,3422918,"GEN",FALSE,FALSE,2025-11-20
2024,"WISCONSIN","WI","55","25","US PRESIDENT","PETER SONSKI / LAUREN ONAK","NO PARTY","OTHER",TRUE,"TOTAL",561,3422918,"GEN",FALSE,FALSE,2025-11-20
2024,"WISCONSIN","WI","55","25","US PRESIDENT","CHERUNDA LYNN FOX","NO PARTY","OTHER",TRUE,"TOTAL",0,3422918,"GEN",FALSE,FALSE,2025-11-20
2024,"WISCONSIN","WI","55","25","US PRESIDENT","BRIAN KIENITZ","NO PARTY","OTHER",TRUE,"TOTAL",0,3422918,"GEN",FALSE,FALSE,2025-11-20
2024,"WISCONSIN","WI","55","25","US PRESIDENT","DOUG JENKINS","NO PARTY","OTHER",TRUE,"TOTAL",12,3422918,"GEN",FALSE,FALSE,2025-11-20
2024,"WISCONSIN","WI","55","25","US PRESIDENT","FUTURE MADAM POTUS","NO PARTY","OTHER",TRUE,"TOTAL",1,3422918,"GEN",FALSE,FALSE,2025-11-20
2024,"WISCONSIN","WI","55","25","US PRESIDENT","ANDRÉ RAMONE MCNEIL, SR.","NO PARTY","OTHER",TRUE,"TOTAL",0,3422918,"GEN",FALSE,FALSE,2025-11-20
2024,"WISCONSIN","WI","55","25","US PRESIDENT","SCATTERING","NO PARTY","OTHER",TRUE,"TOTAL",7131,3422918,"GEN",FALSE,FALSE,2025-11-20
2024,"WEST VIRGINIA","WV","54",NA,"US PRESIDENT","TRUMP, DONALD J.","REPUBLICAN","REPUBLICAN",FALSE,"TOTAL",533556,762584,"GEN",FALSE,FALSE,2025-11-20
2024,"WEST VIRGINIA","WV","54",NA,"US PRESIDENT","HARRIS, KAMALA D.","DEMOCRAT","DEMOCRAT",FALSE,"TOTAL",214309,762584,"GEN",FALSE,FALSE,2025-11-20
2024,"WEST VIRGINIA","WV","54",NA,"US PRESIDENT","KENNEDY, ROBERT F. JR","INDEPENDENT","OTHER",FALSE,"TOTAL",8947,762584,"GEN",FALSE,FALSE,2025-11-20
2024,"WEST VIRGINIA","WV","54",NA,"US PRESIDENT","OLIVER, CHASE","LBN","LIBERTARIAN",FALSE,"TOTAL",3047,762584,"GEN",FALSE,FALSE,2025-11-20
2024,"WEST VIRGINIA","WV","54",NA,"US PRESIDENT","STEIN, JILL","MOUNTAIN","OTHER",FALSE,"TOTAL",2531,762584,"GEN",FALSE,FALSE,2025-11-20
2024,"WEST VIRGINIA","WV","54",NA,"US PRESIDENT","SHONDRA IRVING","","OTHER",TRUE,"TOTAL",0,762584,"GEN",FALSE,FALSE,2025-11-20
2024,"WEST VIRGINIA","WV","54",NA,"US PRESIDENT","ANDRE' RAMON MCNEIL SR","","OTHER",TRUE,"TOTAL",0,762584,"GEN",FALSE,FALSE,2025-11-20
2024,"WEST VIRGINIA","WV","54",NA,"US PRESIDENT","ANGELA DWYER","","OTHER",TRUE,"TOTAL",3,762584,"GEN",FALSE,FALSE,2025-11-20
2024,"WEST VIRGINIA","WV","54",NA,"US PRESIDENT","CHERUNDA LYNN FOX","","OTHER",TRUE,"TOTAL",0,762584,"GEN",FALSE,FALSE,2025-11-20
2024,"WEST VIRGINIA","WV","54",NA,"US PRESIDENT","CHRISTOPHER STRIED","","OTHER",TRUE,"TOTAL",0,762584,"GEN",FALSE,FALSE,2025-11-20
2024,"WEST VIRGINIA","WV","54",NA,"US PRESIDENT","LES WALLER","","OTHER",TRUE,"TOTAL",0,762584,"GEN",FALSE,FALSE,2025-11-20
2024,"WEST VIRGINIA","WV","54",NA,"US PRESIDENT","CHRIS GARRITY","","OTHER",TRUE,"TOTAL",0,762584,"GEN",FALSE,FALSE,2025-11-20
2024,"WEST VIRGINIA","WV","54",NA,"US PRESIDENT","CAROL ASHER","","OTHER",TRUE,"TOTAL",0,762584,"GEN",FALSE,FALSE,2025-11-20
2024,"WEST VIRGINIA","WV","54",NA,"US PRESIDENT","RICK MATTOX","","OTHER",TRUE,"TOTAL",2,762584,"GEN",FALSE,FALSE,2025-11-20
2024,"WEST VIRGINIA","WV","54",NA,"US PRESIDENT","PRESIDENT R BODDIE","","OTHER",TRUE,"TOTAL",0,762584,"GEN",FALSE,FALSE,2025-11-20
2024,"WEST VIRGINIA","WV","54",NA,"US PRESIDENT","BRIAN KIENITZ","","OTHER",TRUE,"TOTAL",0,762584,"GEN",FALSE,FALSE,2025-11-20
2024,"WEST VIRGINIA","WV","54",NA,"US PRESIDENT","WILLIAM CODY NALBACH","","OTHER",TRUE,"TOTAL",0,762584,"GEN",FALSE,FALSE,2025-11-20
2024,"WEST VIRGINIA","WV","54",NA,"US PRESIDENT","RICHARD MAYERS","","OTHER",TRUE,"TOTAL",0,762584,"GEN",FALSE,FALSE,2025-11-20
2024,"WEST VIRGINIA","WV","54",NA,"US PRESIDENT","DR. SHIVA","","OTHER",TRUE,"TOTAL",10,762584,"GEN",FALSE,FALSE,2025-11-20
2024,"WEST VIRGINIA","WV","54",NA,"US PRESIDENT","CLAUDIA DE LA CRUZ","","OTHER",TRUE,"TOTAL",73,762584,"GEN",FALSE,FALSE,2025-11-20
2024,"WEST VIRGINIA","WV","54",NA,"US PRESIDENT","PAUL RAYMOND FARROW JR","","OTHER",TRUE,"TOTAL",0,762584,"GEN",FALSE,FALSE,2025-11-20
2024,"WEST VIRGINIA","WV","54",NA,"US PRESIDENT","FUTURE MADAM POTUS","","OTHER",TRUE,"TOTAL",1,762584,"GEN",FALSE,FALSE,2025-11-20
2024,"WEST VIRGINIA","WV","54",NA,"US PRESIDENT","GARRY HUBBARD","","OTHER",TRUE,"TOTAL",0,762584,"GEN",FALSE,FALSE,2025-11-20
2024,"WEST VIRGINIA","WV","54",NA,"US PRESIDENT","PAIJ BORING","","OTHER",TRUE,"TOTAL",0,762584,"GEN",FALSE,FALSE,2025-11-20
2024,"WEST VIRGINIA","WV","54",NA,"US PRESIDENT","DOUG JENKINS","","OTHER",TRUE,"TOTAL",1,762584,"GEN",FALSE,FALSE,2025-11-20
2024,"WEST VIRGINIA","WV","54",NA,"US PRESIDENT","JOHN CHENG","","OTHER",TRUE,"TOTAL",0,762584,"GEN",FALSE,FALSE,2025-11-20
2024,"WEST VIRGINIA","WV","54",NA,"US PRESIDENT","CHRISTIN POWERS","","OTHER",TRUE,"TOTAL",0,762584,"GEN",FALSE,FALSE,2025-11-20
2024,"WEST VIRGINIA","WV","54",NA,"US PRESIDENT","DENNIS SCHULLER","","OTHER",TRUE,"TOTAL",0,762584,"GEN",FALSE,FALSE,2025-11-20
2024,"WEST VIRGINIA","WV","54",NA,"US PRESIDENT","CORNEL WEST","","OTHER",TRUE,"TOTAL",39,762584,"GEN",FALSE,FALSE,2025-11-20
2024,"WEST VIRGINIA","WV","54",NA,"US PRESIDENT","ROGER D. RICHARD","","OTHER",TRUE,"TOTAL",0,762584,"GEN",FALSE,FALSE,2025-11-20
2024,"WEST VIRGINIA","WV","54",NA,"US PRESIDENT","PETER SONSKI","","OTHER",TRUE,"TOTAL",63,762584,"GEN",FALSE,FALSE,2025-11-20
2024,"WEST VIRGINIA","WV","54",NA,"US PRESIDENT","DOUG BELL","","OTHER",TRUE,"TOTAL",2,762584,"GEN",FALSE,FALSE,2025-11-20
2024,"WEST VIRGINIA","WV","54",NA,"US PRESIDENT","CHRISTINE CHISHOLM","","OTHER",TRUE,"TOTAL",0,762584,"GEN",FALSE,FALSE,2025-11-20
2024,"WEST VIRGINIA","WV","54",NA,"US PRESIDENT","BRANDON L. MCINTYRE","","OTHER",TRUE,"TOTAL",0,762584,"GEN",FALSE,FALSE,2025-11-20
2024,"WEST VIRGINIA","WV","54",NA,"US PRESIDENT","JOHN R. GIBB JR.","","OTHER",TRUE,"TOTAL",0,762584,"GEN",FALSE,FALSE,2025-11-20
2024,"WEST VIRGINIA","WV","54",NA,"US PRESIDENT","MAMA WYSINGER","","OTHER",TRUE,"TOTAL",0,762584,"GEN",FALSE,FALSE,2025-11-20
2024,"WYOMING","WY","56","68","US PRESIDENT","TRUMP, DONALD J.","REPUBLICAN","REPUBLICAN",FALSE,"TOTAL",192633,271123,"GEN",FALSE,FALSE,2025-11-20
2024,"WYOMING","WY","56","68","US PRESIDENT","HARRIS, KAMALA D.","DEMOCRAT","DEMOCRAT",FALSE,"TOTAL",69527,271123,"GEN",FALSE,FALSE,2025-11-20
2024,"WYOMING","WY","56","68","US PRESIDENT","OLIVER, CHASE","LIBERTARIAN","LIBERTARIAN",FALSE,"TOTAL",4193,271123,"GEN",FALSE,FALSE,2025-11-20
2024,"WYOMING","WY","56","68","US PRESIDENT","WRITE-IN","","OTHER",TRUE,"TOTAL",2695,271123,"GEN",FALSE,FALSE,2025-11-20
2024,"WYOMING","WY","56","68","US PRESIDENT","OVERVOTES","","OTHER",FALSE,"TOTAL",76,271123,"GEN",FALSE,FALSE,2025-11-20
2024,"WYOMING","WY","56","68","US PRESIDENT","UNDERVOTES","","OTHER",FALSE,"TOTAL",1999,271123,"GEN",FALSE,FALSE,2025-11-20
